Key,Value
Command_38_527E560D405640D5285D45BA2AFCCDF7,*labelA
Arg1_31_D08438AB49CD5ACF29FE2F8EE6C07CBC,
Arg2_32_7EB149924ECDAA38471FD5AF6E24C953,
Arg3_33_F73127434AC8937DB9A4748EAD44F055,
Arg4_39_AD5C39114DC427A1B4778BB75887964E,
Arg5_40_D047B6A0434E34FBD45AE49B80FF6631,
Arg6_34_47055B9B4B2A8E3CC46866A9C1FD0A4E,
PageCtrl_35_F096CCB9432478F2E5C19AB8E1CC14F7,
Command_38_527E560D405640D5285D45BA2AFCCDF7,StopSound
Arg1_31_D08438AB49CD5ACF29FE2F8EE6C07CBC,
Arg2_32_7EB149924ECDAA38471FD5AF6E24C953,
Arg3_33_F73127434AC8937DB9A4748EAD44F055,
Arg4_39_AD5C39114DC427A1B4778BB75887964E,
Arg5_40_D047B6A0434E34FBD45AE49B80FF6631,
Arg6_34_47055B9B4B2A8E3CC46866A9C1FD0A4E,
PageCtrl_35_F096CCB9432478F2E5C19AB8E1CC14F7,
Command_38_527E560D405640D5285D45BA2AFCCDF7,//■hell0311
Arg1_31_D08438AB49CD5ACF29FE2F8EE6C07CBC,
Arg2_32_7EB149924ECDAA38471FD5AF6E24C953,
Arg3_33_F73127434AC8937DB9A4748EAD44F055,
Arg4_39_AD5C39114DC427A1B4778BB75887964E,
Arg5_40_D047B6A0434E34FBD45AE49B80FF6631,
Arg6_34_47055B9B4B2A8E3CC46866A9C1FD0A4E,
PageCtrl_35_F096CCB9432478F2E5C19AB8E1CC14F7,
Command_38_527E560D405640D5285D45BA2AFCCDF7,Wait
Arg1_31_D08438AB49CD5ACF29FE2F8EE6C07CBC,
Arg2_32_7EB149924ECDAA38471FD5AF6E24C953,
Arg3_33_F73127434AC8937DB9A4748EAD44F055,
Arg4_39_AD5C39114DC427A1B4778BB75887964E,
Arg5_40_D047B6A0434E34FBD45AE49B80FF6631,
Arg6_34_47055B9B4B2A8E3CC46866A9C1FD0A4E,1.5
PageCtrl_35_F096CCB9432478F2E5C19AB8E1CC14F7,
Command_38_527E560D405640D5285D45BA2AFCCDF7,FadeIn
Arg1_31_D08438AB49CD5ACF29FE2F8EE6C07CBC,black
Arg2_32_7EB149924ECDAA38471FD5AF6E24C953,
Arg3_33_F73127434AC8937DB9A4748EAD44F055,
Arg4_39_AD5C39114DC427A1B4778BB75887964E,
Arg5_40_D047B6A0434E34FBD45AE49B80FF6631,Skippable
Arg6_34_47055B9B4B2A8E3CC46866A9C1FD0A4E,0
PageCtrl_35_F096CCB9432478F2E5C19AB8E1CC14F7,
Command_38_527E560D405640D5285D45BA2AFCCDF7,Wait
Arg1_31_D08438AB49CD5ACF29FE2F8EE6C07CBC,
Arg2_32_7EB149924ECDAA38471FD5AF6E24C953,
Arg3_33_F73127434AC8937DB9A4748EAD44F055,
Arg4_39_AD5C39114DC427A1B4778BB75887964E,
Arg5_40_D047B6A0434E34FBD45AE49B80FF6631,
Arg6_34_47055B9B4B2A8E3CC46866A9C1FD0A4E,1
PageCtrl_35_F096CCB9432478F2E5C19AB8E1CC14F7,
Command_38_527E560D405640D5285D45BA2AFCCDF7,FadeOut
Arg1_31_D08438AB49CD5ACF29FE2F8EE6C07CBC,black
Arg2_32_7EB149924ECDAA38471FD5AF6E24C953,
Arg3_33_F73127434AC8937DB9A4748EAD44F055,
Arg4_39_AD5C39114DC427A1B4778BB75887964E,
Arg5_40_D047B6A0434E34FBD45AE49B80FF6631,Skippable
Arg6_34_47055B9B4B2A8E3CC46866A9C1FD0A4E,1
PageCtrl_35_F096CCB9432478F2E5C19AB8E1CC14F7,
Command_38_527E560D405640D5285D45BA2AFCCDF7,Wait
Arg1_31_D08438AB49CD5ACF29FE2F8EE6C07CBC,
Arg2_32_7EB149924ECDAA38471FD5AF6E24C953,
Arg3_33_F73127434AC8937DB9A4748EAD44F055,
Arg4_39_AD5C39114DC427A1B4778BB75887964E,
Arg5_40_D047B6A0434E34FBD45AE49B80FF6631,
Arg6_34_47055B9B4B2A8E3CC46866A9C1FD0A4E,1
PageCtrl_35_F096CCB9432478F2E5C19AB8E1CC14F7,
Command_38_527E560D405640D5285D45BA2AFCCDF7,Sound
Arg1_31_D08438AB49CD5ACF29FE2F8EE6C07CBC,BGM_15_Hell
Arg2_32_7EB149924ECDAA38471FD5AF6E24C953,
Arg3_33_F73127434AC8937DB9A4748EAD44F055,BGM
Arg4_39_AD5C39114DC427A1B4778BB75887964E,1
Arg5_40_D047B6A0434E34FBD45AE49B80FF6631,
Arg6_34_47055B9B4B2A8E3CC46866A9C1FD0A4E,0
PageCtrl_35_F096CCB9432478F2E5C19AB8E1CC14F7,
Command_38_527E560D405640D5285D45BA2AFCCDF7,//;背景：黒背景
Arg1_31_D08438AB49CD5ACF29FE2F8EE6C07CBC,
Arg2_32_7EB149924ECDAA38471FD5AF6E24C953,
Arg3_33_F73127434AC8937DB9A4748EAD44F055,
Arg4_39_AD5C39114DC427A1B4778BB75887964E,
Arg5_40_D047B6A0434E34FBD45AE49B80FF6631,
Arg6_34_47055B9B4B2A8E3CC46866A9C1FD0A4E,
PageCtrl_35_F096CCB9432478F2E5C19AB8E1CC14F7,
Command_38_527E560D405640D5285D45BA2AFCCDF7,Texture
Arg1_31_D08438AB49CD5ACF29FE2F8EE6C07CBC,BG_b
Arg2_32_7EB149924ECDAA38471FD5AF6E24C953,
Arg3_33_F73127434AC8937DB9A4748EAD44F055,EventStill
Arg4_39_AD5C39114DC427A1B4778BB75887964E,
Arg5_40_D047B6A0434E34FBD45AE49B80FF6631,
Arg6_34_47055B9B4B2A8E3CC46866A9C1FD0A4E,0
PageCtrl_35_F096CCB9432478F2E5C19AB8E1CC14F7,
Command_38_527E560D405640D5285D45BA2AFCCDF7,
Arg1_31_D08438AB49CD5ACF29FE2F8EE6C07CBC,地獄公使A1
Arg2_32_7EB149924ECDAA38471FD5AF6E24C953,Normal_A
Arg3_33_F73127434AC8937DB9A4748EAD44F055,画面外
Arg4_39_AD5C39114DC427A1B4778BB75887964E,
Arg5_40_D047B6A0434E34FBD45AE49B80FF6631,
Arg6_34_47055B9B4B2A8E3CC46866A9C1FD0A4E,
TEXT_24_C669B6D2463B2D1232AD4DBFD3C8D513_1,hell0321
TEXT_24_C669B6D2463B2D1232AD4DBFD3C8D513_2,12_TEXT
TEXT_24_C669B6D2463B2D1232AD4DBFD3C8D513_3,「这地狱怎么回事……倒是挺凉快的」
PageCtrl_35_F096CCB9432478F2E5C19AB8E1CC14F7,
Command_38_527E560D405640D5285D45BA2AFCCDF7,
Arg1_31_D08438AB49CD5ACF29FE2F8EE6C07CBC,/機械音声
Arg2_32_7EB149924ECDAA38471FD5AF6E24C953,Normal_A
Arg3_33_F73127434AC8937DB9A4748EAD44F055,画面外
Arg4_39_AD5C39114DC427A1B4778BB75887964E,
Arg5_40_D047B6A0434E34FBD45AE49B80FF6631,
Arg6_34_47055B9B4B2A8E3CC46866A9C1FD0A4E,
TEXT_24_C669B6D2463B2D1232AD4DBFD3C8D513_1,hell0321
TEXT_24_C669B6D2463B2D1232AD4DBFD3C8D513_2,13_TEXT
TEXT_24_C669B6D2463B2D1232AD4DBFD3C8D513_3,「要离开这个地狱，\n您需要吃掉规定数量的冰棒」
PageCtrl_35_F096CCB9432478F2E5C19AB8E1CC14F7,
Command_38_527E560D405640D5285D45BA2AFCCDF7,
Arg1_31_D08438AB49CD5ACF29FE2F8EE6C07CBC,地獄公使A1
Arg2_32_7EB149924ECDAA38471FD5AF6E24C953,Normal_A
Arg3_33_F73127434AC8937DB9A4748EAD44F055,画面外
Arg4_39_AD5C39114DC427A1B4778BB75887964E,
Arg5_40_D047B6A0434E34FBD45AE49B80FF6631,
Arg6_34_47055B9B4B2A8E3CC46866A9C1FD0A4E,
TEXT_24_C669B6D2463B2D1232AD4DBFD3C8D513_1,hell0321
TEXT_24_C669B6D2463B2D1232AD4DBFD3C8D513_2,14_TEXT
TEXT_24_C669B6D2463B2D1232AD4DBFD3C8D513_3,「冰棒！？冰棒可是我的最爱！\n尽管拿上来吧！」
PageCtrl_35_F096CCB9432478F2E5C19AB8E1CC14F7,
Command_38_527E560D405640D5285D45BA2AFCCDF7,//;イベント：蛇の舌アイスA
Arg1_31_D08438AB49CD5ACF29FE2F8EE6C07CBC,
Arg2_32_7EB149924ECDAA38471FD5AF6E24C953,
Arg3_33_F73127434AC8937DB9A4748EAD44F055,
Arg4_39_AD5C39114DC427A1B4778BB75887964E,
Arg5_40_D047B6A0434E34FBD45AE49B80FF6631,
Arg6_34_47055B9B4B2A8E3CC46866A9C1FD0A4E,
PageCtrl_35_F096CCB9432478F2E5C19AB8E1CC14F7,
Command_38_527E560D405640D5285D45BA2AFCCDF7,Texture
Arg1_31_D08438AB49CD5ACF29FE2F8EE6C07CBC,T_EV_Chr_0308af
Arg2_32_7EB149924ECDAA38471FD5AF6E24C953,
Arg3_33_F73127434AC8937DB9A4748EAD44F055,EventStill
Arg4_39_AD5C39114DC427A1B4778BB75887964E,
Arg5_40_D047B6A0434E34FBD45AE49B80FF6631,
Arg6_34_47055B9B4B2A8E3CC46866A9C1FD0A4E,0
PageCtrl_35_F096CCB9432478F2E5C19AB8E1CC14F7,
Command_38_527E560D405640D5285D45BA2AFCCDF7,
Arg1_31_D08438AB49CD5ACF29FE2F8EE6C07CBC,地獄公使A1
Arg2_32_7EB149924ECDAA38471FD5AF6E24C953,Normal_A
Arg3_33_F73127434AC8937DB9A4748EAD44F055,画面外
Arg4_39_AD5C39114DC427A1B4778BB75887964E,
Arg5_40_D047B6A0434E34FBD45AE49B80FF6631,
Arg6_34_47055B9B4B2A8E3CC46866A9C1FD0A4E,
TEXT_24_C669B6D2463B2D1232AD4DBFD3C8D513_1,hell0321
TEXT_24_C669B6D2463B2D1232AD4DBFD3C8D513_2,17_TEXT
TEXT_24_C669B6D2463B2D1232AD4DBFD3C8D513_3,「哇哦，能吃这么多吗！？\n那我就不客气了——开动咯」
PageCtrl_35_F096CCB9432478F2E5C19AB8E1CC14F7,
Command_38_527E560D405640D5285D45BA2AFCCDF7,
Arg1_31_D08438AB49CD5ACF29FE2F8EE6C07CBC,地獄公使A1
Arg2_32_7EB149924ECDAA38471FD5AF6E24C953,Normal_A
Arg3_33_F73127434AC8937DB9A4748EAD44F055,画面外
Arg4_39_AD5C39114DC427A1B4778BB75887964E,
Arg5_40_D047B6A0434E34FBD45AE49B80FF6631,
Arg6_34_47055B9B4B2A8E3CC46866A9C1FD0A4E,
TEXT_24_C669B6D2463B2D1232AD4DBFD3C8D513_1,hell0321
TEXT_24_C669B6D2463B2D1232AD4DBFD3C8D513_2,18_TEXT
TEXT_24_C669B6D2463B2D1232AD4DBFD3C8D513_3,「嗯，是经典的原味香草冰棒。\n唔唔……质朴又好吃」
PageCtrl_35_F096CCB9432478F2E5C19AB8E1CC14F7,
Command_38_527E560D405640D5285D45BA2AFCCDF7,//;イベント：蛇の舌アイスC
Arg1_31_D08438AB49CD5ACF29FE2F8EE6C07CBC,
Arg2_32_7EB149924ECDAA38471FD5AF6E24C953,
Arg3_33_F73127434AC8937DB9A4748EAD44F055,
Arg4_39_AD5C39114DC427A1B4778BB75887964E,
Arg5_40_D047B6A0434E34FBD45AE49B80FF6631,
Arg6_34_47055B9B4B2A8E3CC46866A9C1FD0A4E,
PageCtrl_35_F096CCB9432478F2E5C19AB8E1CC14F7,
Command_38_527E560D405640D5285D45BA2AFCCDF7,Texture
Arg1_31_D08438AB49CD5ACF29FE2F8EE6C07CBC,T_EV_Chr_0308cf
Arg2_32_7EB149924ECDAA38471FD5AF6E24C953,
Arg3_33_F73127434AC8937DB9A4748EAD44F055,EventStill
Arg4_39_AD5C39114DC427A1B4778BB75887964E,
Arg5_40_D047B6A0434E34FBD45AE49B80FF6631,
Arg6_34_47055B9B4B2A8E3CC46866A9C1FD0A4E,0
PageCtrl_35_F096CCB9432478F2E5C19AB8E1CC14F7,
Command_38_527E560D405640D5285D45BA2AFCCDF7,
Arg1_31_D08438AB49CD5ACF29FE2F8EE6C07CBC,地獄公使A1
Arg2_32_7EB149924ECDAA38471FD5AF6E24C953,Normal_A
Arg3_33_F73127434AC8937DB9A4748EAD44F055,画面外
Arg4_39_AD5C39114DC427A1B4778BB75887964E,
Arg5_40_D047B6A0434E34FBD45AE49B80FF6631,
Arg6_34_47055B9B4B2A8E3CC46866A9C1FD0A4E,
TEXT_24_C669B6D2463B2D1232AD4DBFD3C8D513_1,hell0321
TEXT_24_C669B6D2463B2D1232AD4DBFD3C8D513_2,21_TEXT
TEXT_24_C669B6D2463B2D1232AD4DBFD3C8D513_3,「像这样舔冰棒也是好久没试过了……舔舔舔」
PageCtrl_35_F096CCB9432478F2E5C19AB8E1CC14F7,
Command_38_527E560D405640D5285D45BA2AFCCDF7,
Arg1_31_D08438AB49CD5ACF29FE2F8EE6C07CBC,地獄公使A1
Arg2_32_7EB149924ECDAA38471FD5AF6E24C953,Normal_A
Arg3_33_F73127434AC8937DB9A4748EAD44F055,画面外
Arg4_39_AD5C39114DC427A1B4778BB75887964E,
Arg5_40_D047B6A0434E34FBD45AE49B80FF6631,
Arg6_34_47055B9B4B2A8E3CC46866A9C1FD0A4E,
TEXT_24_C669B6D2463B2D1232AD4DBFD3C8D513_1,hell0321
TEXT_24_C669B6D2463B2D1232AD4DBFD3C8D513_2,22_TEXT
TEXT_24_C669B6D2463B2D1232AD4DBFD3C8D513_3,「啊呜啊呜……咕噜咕噜……蛋筒这部分\n一起咬下去很好吃」
PageCtrl_35_F096CCB9432478F2E5C19AB8E1CC14F7,
Command_38_527E560D405640D5285D45BA2AFCCDF7,
Arg1_31_D08438AB49CD5ACF29FE2F8EE6C07CBC,地獄公使A1
Arg2_32_7EB149924ECDAA38471FD5AF6E24C953,Normal_A
Arg3_33_F73127434AC8937DB9A4748EAD44F055,画面外
Arg4_39_AD5C39114DC427A1B4778BB75887964E,
Arg5_40_D047B6A0434E34FBD45AE49B80FF6631,
Arg6_34_47055B9B4B2A8E3CC46866A9C1FD0A4E,
TEXT_24_C669B6D2463B2D1232AD4DBFD3C8D513_1,hell0321
TEXT_24_C669B6D2463B2D1232AD4DBFD3C8D513_2,23_TEXT
TEXT_24_C669B6D2463B2D1232AD4DBFD3C8D513_3,「嗯……吸溜吸溜……啊姆啊姆……好吃好吃」
PageCtrl_35_F096CCB9432478F2E5C19AB8E1CC14F7,
Command_38_527E560D405640D5285D45BA2AFCCDF7,//;イベント：蛇の舌アイスA
Arg1_31_D08438AB49CD5ACF29FE2F8EE6C07CBC,
Arg2_32_7EB149924ECDAA38471FD5AF6E24C953,
Arg3_33_F73127434AC8937DB9A4748EAD44F055,
Arg4_39_AD5C39114DC427A1B4778BB75887964E,
Arg5_40_D047B6A0434E34FBD45AE49B80FF6631,
Arg6_34_47055B9B4B2A8E3CC46866A9C1FD0A4E,
PageCtrl_35_F096CCB9432478F2E5C19AB8E1CC14F7,
Command_38_527E560D405640D5285D45BA2AFCCDF7,Texture
Arg1_31_D08438AB49CD5ACF29FE2F8EE6C07CBC,T_EV_Chr_0308af
Arg2_32_7EB149924ECDAA38471FD5AF6E24C953,
Arg3_33_F73127434AC8937DB9A4748EAD44F055,EventStill
Arg4_39_AD5C39114DC427A1B4778BB75887964E,
Arg5_40_D047B6A0434E34FBD45AE49B80FF6631,
Arg6_34_47055B9B4B2A8E3CC46866A9C1FD0A4E,0
PageCtrl_35_F096CCB9432478F2E5C19AB8E1CC14F7,
Command_38_527E560D405640D5285D45BA2AFCCDF7,
Arg1_31_D08438AB49CD5ACF29FE2F8EE6C07CBC,地獄公使A1
Arg2_32_7EB149924ECDAA38471FD5AF6E24C953,Normal_A
Arg3_33_F73127434AC8937DB9A4748EAD44F055,画面外
Arg4_39_AD5C39114DC427A1B4778BB75887964E,
Arg5_40_D047B6A0434E34FBD45AE49B80FF6631,
Arg6_34_47055B9B4B2A8E3CC46866A9C1FD0A4E,
TEXT_24_C669B6D2463B2D1232AD4DBFD3C8D513_1,hell0321
TEXT_24_C669B6D2463B2D1232AD4DBFD3C8D513_2,26_TEXT
TEXT_24_C669B6D2463B2D1232AD4DBFD3C8D513_3,「不过这不是琳琅满目嘛。\n能吃到这么多冰棒，真是~」
PageCtrl_35_F096CCB9432478F2E5C19AB8E1CC14F7,
Command_38_527E560D405640D5285D45BA2AFCCDF7,
Arg1_31_D08438AB49CD5ACF29FE2F8EE6C07CBC,地獄公使A1
Arg2_32_7EB149924ECDAA38471FD5AF6E24C953,Normal_A
Arg3_33_F73127434AC8937DB9A4748EAD44F055,画面外
Arg4_39_AD5C39114DC427A1B4778BB75887964E,
Arg5_40_D047B6A0434E34FBD45AE49B80FF6631,
Arg6_34_47055B9B4B2A8E3CC46866A9C1FD0A4E,
TEXT_24_C669B6D2463B2D1232AD4DBFD3C8D513_1,hell0321
TEXT_24_C669B6D2463B2D1232AD4DBFD3C8D513_2,27_TEXT
TEXT_24_C669B6D2463B2D1232AD4DBFD3C8D513_3,「嗯姆嗯姆……舔舔舔……冰冰凉凉的真好吃。\n舔舔舔……」
PageCtrl_35_F096CCB9432478F2E5C19AB8E1CC14F7,
Command_38_527E560D405640D5285D45BA2AFCCDF7,//;イベント：蛇の舌アイスB
Arg1_31_D08438AB49CD5ACF29FE2F8EE6C07CBC,
Arg2_32_7EB149924ECDAA38471FD5AF6E24C953,
Arg3_33_F73127434AC8937DB9A4748EAD44F055,
Arg4_39_AD5C39114DC427A1B4778BB75887964E,
Arg5_40_D047B6A0434E34FBD45AE49B80FF6631,
Arg6_34_47055B9B4B2A8E3CC46866A9C1FD0A4E,
PageCtrl_35_F096CCB9432478F2E5C19AB8E1CC14F7,
Command_38_527E560D405640D5285D45BA2AFCCDF7,Texture
Arg1_31_D08438AB49CD5ACF29FE2F8EE6C07CBC,T_EV_Chr_0308bf
Arg2_32_7EB149924ECDAA38471FD5AF6E24C953,
Arg3_33_F73127434AC8937DB9A4748EAD44F055,EventStill
Arg4_39_AD5C39114DC427A1B4778BB75887964E,
Arg5_40_D047B6A0434E34FBD45AE49B80FF6631,
Arg6_34_47055B9B4B2A8E3CC46866A9C1FD0A4E,0
PageCtrl_35_F096CCB9432478F2E5C19AB8E1CC14F7,
Command_38_527E560D405640D5285D45BA2AFCCDF7,
Arg1_31_D08438AB49CD5ACF29FE2F8EE6C07CBC,地獄公使A1
Arg2_32_7EB149924ECDAA38471FD5AF6E24C953,Normal_A
Arg3_33_F73127434AC8937DB9A4748EAD44F055,画面外
Arg4_39_AD5C39114DC427A1B4778BB75887964E,
Arg5_40_D047B6A0434E34FBD45AE49B80FF6631,
Arg6_34_47055B9B4B2A8E3CC46866A9C1FD0A4E,
TEXT_24_C669B6D2463B2D1232AD4DBFD3C8D513_1,hell0321
TEXT_24_C669B6D2463B2D1232AD4DBFD3C8D513_2,30_TEXT
TEXT_24_C669B6D2463B2D1232AD4DBFD3C8D513_3,「你、你不用那么使劲塞我也能吃的啦。\n啊姆啊姆……舔舔舔……」
PageCtrl_35_F096CCB9432478F2E5C19AB8E1CC14F7,
Command_38_527E560D405640D5285D45BA2AFCCDF7,
Arg1_31_D08438AB49CD5ACF29FE2F8EE6C07CBC,地獄公使A1
Arg2_32_7EB149924ECDAA38471FD5AF6E24C953,Normal_A
Arg3_33_F73127434AC8937DB9A4748EAD44F055,画面外
Arg4_39_AD5C39114DC427A1B4778BB75887964E,
Arg5_40_D047B6A0434E34FBD45AE49B80FF6631,
Arg6_34_47055B9B4B2A8E3CC46866A9C1FD0A4E,
TEXT_24_C669B6D2463B2D1232AD4DBFD3C8D513_1,hell0321
TEXT_24_C669B6D2463B2D1232AD4DBFD3C8D513_2,31_TEXT
TEXT_24_C669B6D2463B2D1232AD4DBFD3C8D513_3,「好，第一根吃完！」
PageCtrl_35_F096CCB9432478F2E5C19AB8E1CC14F7,
Command_38_527E560D405640D5285D45BA2AFCCDF7,
Arg1_31_D08438AB49CD5ACF29FE2F8EE6C07CBC,/機械音声
Arg2_32_7EB149924ECDAA38471FD5AF6E24C953,Normal_A
Arg3_33_F73127434AC8937DB9A4748EAD44F055,画面外
Arg4_39_AD5C39114DC427A1B4778BB75887964E,
Arg5_40_D047B6A0434E34FBD45AE49B80FF6631,
Arg6_34_47055B9B4B2A8E3CC46866A9C1FD0A4E,
TEXT_24_C669B6D2463B2D1232AD4DBFD3C8D513_1,hell0321
TEXT_24_C669B6D2463B2D1232AD4DBFD3C8D513_2,32_TEXT
TEXT_24_C669B6D2463B2D1232AD4DBFD3C8D513_3,『真是精彩』
PageCtrl_35_F096CCB9432478F2E5C19AB8E1CC14F7,
Command_38_527E560D405640D5285D45BA2AFCCDF7,
Arg1_31_D08438AB49CD5ACF29FE2F8EE6C07CBC,地獄公使A1
Arg2_32_7EB149924ECDAA38471FD5AF6E24C953,Normal_A
Arg3_33_F73127434AC8937DB9A4748EAD44F055,画面外
Arg4_39_AD5C39114DC427A1B4778BB75887964E,
Arg5_40_D047B6A0434E34FBD45AE49B80FF6631,
Arg6_34_47055B9B4B2A8E3CC46866A9C1FD0A4E,
TEXT_24_C669B6D2463B2D1232AD4DBFD3C8D513_1,hell0321
TEXT_24_C669B6D2463B2D1232AD4DBFD3C8D513_2,33_TEXT
TEXT_24_C669B6D2463B2D1232AD4DBFD3C8D513_3,「赶紧给我拿下一根来——！」
PageCtrl_35_F096CCB9432478F2E5C19AB8E1CC14F7,
Command_38_527E560D405640D5285D45BA2AFCCDF7,//;イベント：蛇の舌アイスA
Arg1_31_D08438AB49CD5ACF29FE2F8EE6C07CBC,
Arg2_32_7EB149924ECDAA38471FD5AF6E24C953,
Arg3_33_F73127434AC8937DB9A4748EAD44F055,
Arg4_39_AD5C39114DC427A1B4778BB75887964E,
Arg5_40_D047B6A0434E34FBD45AE49B80FF6631,
Arg6_34_47055B9B4B2A8E3CC46866A9C1FD0A4E,
PageCtrl_35_F096CCB9432478F2E5C19AB8E1CC14F7,
Command_38_527E560D405640D5285D45BA2AFCCDF7,Texture
Arg1_31_D08438AB49CD5ACF29FE2F8EE6C07CBC,T_EV_Chr_0308aa
Arg2_32_7EB149924ECDAA38471FD5AF6E24C953,
Arg3_33_F73127434AC8937DB9A4748EAD44F055,EventStill
Arg4_39_AD5C39114DC427A1B4778BB75887964E,
Arg5_40_D047B6A0434E34FBD45AE49B80FF6631,
Arg6_34_47055B9B4B2A8E3CC46866A9C1FD0A4E,0
PageCtrl_35_F096CCB9432478F2E5C19AB8E1CC14F7,
Command_38_527E560D405640D5285D45BA2AFCCDF7,
Arg1_31_D08438AB49CD5ACF29FE2F8EE6C07CBC,地獄公使A1
Arg2_32_7EB149924ECDAA38471FD5AF6E24C953,Normal_A
Arg3_33_F73127434AC8937DB9A4748EAD44F055,画面外
Arg4_39_AD5C39114DC427A1B4778BB75887964E,
Arg5_40_D047B6A0434E34FBD45AE49B80FF6631,
Arg6_34_47055B9B4B2A8E3CC46866A9C1FD0A4E,
TEXT_24_C669B6D2463B2D1232AD4DBFD3C8D513_1,hell0321
TEXT_24_C669B6D2463B2D1232AD4DBFD3C8D513_2,36_TEXT
TEXT_24_C669B6D2463B2D1232AD4DBFD3C8D513_3,「下一根是棒冰啊。这个好舔，不错！」
PageCtrl_35_F096CCB9432478F2E5C19AB8E1CC14F7,
Command_38_527E560D405640D5285D45BA2AFCCDF7,//;イベント：蛇の舌アイスC
Arg1_31_D08438AB49CD5ACF29FE2F8EE6C07CBC,
Arg2_32_7EB149924ECDAA38471FD5AF6E24C953,
Arg3_33_F73127434AC8937DB9A4748EAD44F055,
Arg4_39_AD5C39114DC427A1B4778BB75887964E,
Arg5_40_D047B6A0434E34FBD45AE49B80FF6631,
Arg6_34_47055B9B4B2A8E3CC46866A9C1FD0A4E,
PageCtrl_35_F096CCB9432478F2E5C19AB8E1CC14F7,
Command_38_527E560D405640D5285D45BA2AFCCDF7,Texture
Arg1_31_D08438AB49CD5ACF29FE2F8EE6C07CBC,T_EV_Chr_0308ca
Arg2_32_7EB149924ECDAA38471FD5AF6E24C953,
Arg3_33_F73127434AC8937DB9A4748EAD44F055,EventStill
Arg4_39_AD5C39114DC427A1B4778BB75887964E,
Arg5_40_D047B6A0434E34FBD45AE49B80FF6631,
Arg6_34_47055B9B4B2A8E3CC46866A9C1FD0A4E,0
PageCtrl_35_F096CCB9432478F2E5C19AB8E1CC14F7,
Command_38_527E560D405640D5285D45BA2AFCCDF7,
Arg1_31_D08438AB49CD5ACF29FE2F8EE6C07CBC,地獄公使A1
Arg2_32_7EB149924ECDAA38471FD5AF6E24C953,Normal_A
Arg3_33_F73127434AC8937DB9A4748EAD44F055,画面外
Arg4_39_AD5C39114DC427A1B4778BB75887964E,
Arg5_40_D047B6A0434E34FBD45AE49B80FF6631,
Arg6_34_47055B9B4B2A8E3CC46866A9C1FD0A4E,
TEXT_24_C669B6D2463B2D1232AD4DBFD3C8D513_1,hell0321
TEXT_24_C669B6D2463B2D1232AD4DBFD3C8D513_2,39_TEXT
TEXT_24_C669B6D2463B2D1232AD4DBFD3C8D513_3,「舔舔舔……嗯嗯……跟看起来一样是橙子味。\n酸酸甜甜的挺好」
PageCtrl_35_F096CCB9432478F2E5C19AB8E1CC14F7,
Command_38_527E560D405640D5285D45BA2AFCCDF7,
Arg1_31_D08438AB49CD5ACF29FE2F8EE6C07CBC,地獄公使A1
Arg2_32_7EB149924ECDAA38471FD5AF6E24C953,Normal_A
Arg3_33_F73127434AC8937DB9A4748EAD44F055,画面外
Arg4_39_AD5C39114DC427A1B4778BB75887964E,
Arg5_40_D047B6A0434E34FBD45AE49B80FF6631,
Arg6_34_47055B9B4B2A8E3CC46866A9C1FD0A4E,
TEXT_24_C669B6D2463B2D1232AD4DBFD3C8D513_1,hell0321
TEXT_24_C669B6D2463B2D1232AD4DBFD3C8D513_2,40_TEXT
TEXT_24_C669B6D2463B2D1232AD4DBFD3C8D513_3,「嗯……嘎吱嘎吱……嗯姆嗯姆……\n舔舔舔……」
PageCtrl_35_F096CCB9432478F2E5C19AB8E1CC14F7,
Command_38_527E560D405640D5285D45BA2AFCCDF7,
Arg1_31_D08438AB49CD5ACF29FE2F8EE6C07CBC,地獄公使A1
Arg2_32_7EB149924ECDAA38471FD5AF6E24C953,Normal_A
Arg3_33_F73127434AC8937DB9A4748EAD44F055,画面外
Arg4_39_AD5C39114DC427A1B4778BB75887964E,
Arg5_40_D047B6A0434E34FBD45AE49B80FF6631,
Arg6_34_47055B9B4B2A8E3CC46866A9C1FD0A4E,
TEXT_24_C669B6D2463B2D1232AD4DBFD3C8D513_1,hell0321
TEXT_24_C669B6D2463B2D1232AD4DBFD3C8D513_2,41_TEXT
TEXT_24_C669B6D2463B2D1232AD4DBFD3C8D513_3,「像我这样舌头能接触到的地方很多，\n就能品尝到更多的美味了」
PageCtrl_35_F096CCB9432478F2E5C19AB8E1CC14F7,
Command_38_527E560D405640D5285D45BA2AFCCDF7,
Arg1_31_D08438AB49CD5ACF29FE2F8EE6C07CBC,地獄公使A1
Arg2_32_7EB149924ECDAA38471FD5AF6E24C953,Normal_A
Arg3_33_F73127434AC8937DB9A4748EAD44F055,画面外
Arg4_39_AD5C39114DC427A1B4778BB75887964E,
Arg5_40_D047B6A0434E34FBD45AE49B80FF6631,
Arg6_34_47055B9B4B2A8E3CC46866A9C1FD0A4E,
TEXT_24_C669B6D2463B2D1232AD4DBFD3C8D513_1,hell0321
TEXT_24_C669B6D2463B2D1232AD4DBFD3C8D513_2,42_TEXT
TEXT_24_C669B6D2463B2D1232AD4DBFD3C8D513_3,「啊姆啊姆……嗯……嗯咕嗯咕……噗啊」
PageCtrl_35_F096CCB9432478F2E5C19AB8E1CC14F7,
Command_38_527E560D405640D5285D45BA2AFCCDF7,//;イベント：蛇の舌アイスA
Arg1_31_D08438AB49CD5ACF29FE2F8EE6C07CBC,
Arg2_32_7EB149924ECDAA38471FD5AF6E24C953,
Arg3_33_F73127434AC8937DB9A4748EAD44F055,
Arg4_39_AD5C39114DC427A1B4778BB75887964E,
Arg5_40_D047B6A0434E34FBD45AE49B80FF6631,
Arg6_34_47055B9B4B2A8E3CC46866A9C1FD0A4E,
PageCtrl_35_F096CCB9432478F2E5C19AB8E1CC14F7,
Command_38_527E560D405640D5285D45BA2AFCCDF7,Texture
Arg1_31_D08438AB49CD5ACF29FE2F8EE6C07CBC,T_EV_Chr_0308aa
Arg2_32_7EB149924ECDAA38471FD5AF6E24C953,
Arg3_33_F73127434AC8937DB9A4748EAD44F055,EventStill
Arg4_39_AD5C39114DC427A1B4778BB75887964E,
Arg5_40_D047B6A0434E34FBD45AE49B80FF6631,
Arg6_34_47055B9B4B2A8E3CC46866A9C1FD0A4E,0
PageCtrl_35_F096CCB9432478F2E5C19AB8E1CC14F7,
Command_38_527E560D405640D5285D45BA2AFCCDF7,
Arg1_31_D08438AB49CD5ACF29FE2F8EE6C07CBC,地獄公使A1
Arg2_32_7EB149924ECDAA38471FD5AF6E24C953,Normal_A
Arg3_33_F73127434AC8937DB9A4748EAD44F055,画面外
Arg4_39_AD5C39114DC427A1B4778BB75887964E,
Arg5_40_D047B6A0434E34FBD45AE49B80FF6631,
Arg6_34_47055B9B4B2A8E3CC46866A9C1FD0A4E,
TEXT_24_C669B6D2463B2D1232AD4DBFD3C8D513_1,hell0321
TEXT_24_C669B6D2463B2D1232AD4DBFD3C8D513_2,45_TEXT
TEXT_24_C669B6D2463B2D1232AD4DBFD3C8D513_3,「好，棒冰也搞定！」
PageCtrl_35_F096CCB9432478F2E5C19AB8E1CC14F7,
Command_38_527E560D405640D5285D45BA2AFCCDF7,
Arg1_31_D08438AB49CD5ACF29FE2F8EE6C07CBC,/機械音声
Arg2_32_7EB149924ECDAA38471FD5AF6E24C953,Normal_A
Arg3_33_F73127434AC8937DB9A4748EAD44F055,画面外
Arg4_39_AD5C39114DC427A1B4778BB75887964E,
Arg5_40_D047B6A0434E34FBD45AE49B80FF6631,
Arg6_34_47055B9B4B2A8E3CC46866A9C1FD0A4E,
TEXT_24_C669B6D2463B2D1232AD4DBFD3C8D513_1,hell0321
TEXT_24_C669B6D2463B2D1232AD4DBFD3C8D513_2,46_TEXT
TEXT_24_C669B6D2463B2D1232AD4DBFD3C8D513_3,『真是精彩』
PageCtrl_35_F096CCB9432478F2E5C19AB8E1CC14F7,
Command_38_527E560D405640D5285D45BA2AFCCDF7,
Arg1_31_D08438AB49CD5ACF29FE2F8EE6C07CBC,地獄公使A1
Arg2_32_7EB149924ECDAA38471FD5AF6E24C953,Normal_A
Arg3_33_F73127434AC8937DB9A4748EAD44F055,画面外
Arg4_39_AD5C39114DC427A1B4778BB75887964E,
Arg5_40_D047B6A0434E34FBD45AE49B80FF6631,
Arg6_34_47055B9B4B2A8E3CC46866A9C1FD0A4E,
TEXT_24_C669B6D2463B2D1232AD4DBFD3C8D513_1,hell0321
TEXT_24_C669B6D2463B2D1232AD4DBFD3C8D513_2,47_TEXT
TEXT_24_C669B6D2463B2D1232AD4DBFD3C8D513_3,「接下来是什么呢是什么呢？」
PageCtrl_35_F096CCB9432478F2E5C19AB8E1CC14F7,
Command_38_527E560D405640D5285D45BA2AFCCDF7,//;イベント：蛇の舌アイスA
Arg1_31_D08438AB49CD5ACF29FE2F8EE6C07CBC,
Arg2_32_7EB149924ECDAA38471FD5AF6E24C953,
Arg3_33_F73127434AC8937DB9A4748EAD44F055,
Arg4_39_AD5C39114DC427A1B4778BB75887964E,
Arg5_40_D047B6A0434E34FBD45AE49B80FF6631,
Arg6_34_47055B9B4B2A8E3CC46866A9C1FD0A4E,
PageCtrl_35_F096CCB9432478F2E5C19AB8E1CC14F7,
Command_38_527E560D405640D5285D45BA2AFCCDF7,Texture
Arg1_31_D08438AB49CD5ACF29FE2F8EE6C07CBC,T_EV_Chr_0308ab
Arg2_32_7EB149924ECDAA38471FD5AF6E24C953,
Arg3_33_F73127434AC8937DB9A4748EAD44F055,EventStill
Arg4_39_AD5C39114DC427A1B4778BB75887964E,
Arg5_40_D047B6A0434E34FBD45AE49B80FF6631,
Arg6_34_47055B9B4B2A8E3CC46866A9C1FD0A4E,0
PageCtrl_35_F096CCB9432478F2E5C19AB8E1CC14F7,
Command_38_527E560D405640D5285D45BA2AFCCDF7,
Arg1_31_D08438AB49CD5ACF29FE2F8EE6C07CBC,地獄公使A1
Arg2_32_7EB149924ECDAA38471FD5AF6E24C953,Normal_A
Arg3_33_F73127434AC8937DB9A4748EAD44F055,画面外
Arg4_39_AD5C39114DC427A1B4778BB75887964E,
Arg5_40_D047B6A0434E34FBD45AE49B80FF6631,
Arg6_34_47055B9B4B2A8E3CC46866A9C1FD0A4E,
TEXT_24_C669B6D2463B2D1232AD4DBFD3C8D513_1,hell0321
TEXT_24_C669B6D2463B2D1232AD4DBFD3C8D513_2,50_TEXT
TEXT_24_C669B6D2463B2D1232AD4DBFD3C8D513_3,「接下来是气球冰淇淋！\n嗯——我记得要用牙齿这样咬个口子……」
PageCtrl_35_F096CCB9432478F2E5C19AB8E1CC14F7,
Command_38_527E560D405640D5285D45BA2AFCCDF7,
Arg1_31_D08438AB49CD5ACF29FE2F8EE6C07CBC,地獄公使A1
Arg2_32_7EB149924ECDAA38471FD5AF6E24C953,Normal_A
Arg3_33_F73127434AC8937DB9A4748EAD44F055,画面外
Arg4_39_AD5C39114DC427A1B4778BB75887964E,
Arg5_40_D047B6A0434E34FBD45AE49B80FF6631,
Arg6_34_47055B9B4B2A8E3CC46866A9C1FD0A4E,
TEXT_24_C669B6D2463B2D1232AD4DBFD3C8D513_1,hell0321
TEXT_24_C669B6D2463B2D1232AD4DBFD3C8D513_2,51_TEXT
TEXT_24_C669B6D2463B2D1232AD4DBFD3C8D513_3,「哇啊溢出来了！\n哈姆……嗯姆嗯姆……嗯嗯……」
PageCtrl_35_F096CCB9432478F2E5C19AB8E1CC14F7,
Command_38_527E560D405640D5285D45BA2AFCCDF7,//;イベント：蛇の舌アイスC
Arg1_31_D08438AB49CD5ACF29FE2F8EE6C07CBC,
Arg2_32_7EB149924ECDAA38471FD5AF6E24C953,
Arg3_33_F73127434AC8937DB9A4748EAD44F055,
Arg4_39_AD5C39114DC427A1B4778BB75887964E,
Arg5_40_D047B6A0434E34FBD45AE49B80FF6631,
Arg6_34_47055B9B4B2A8E3CC46866A9C1FD0A4E,
PageCtrl_35_F096CCB9432478F2E5C19AB8E1CC14F7,
Command_38_527E560D405640D5285D45BA2AFCCDF7,Texture
Arg1_31_D08438AB49CD5ACF29FE2F8EE6C07CBC,T_EV_Chr_0308cb
Arg2_32_7EB149924ECDAA38471FD5AF6E24C953,
Arg3_33_F73127434AC8937DB9A4748EAD44F055,EventStill
Arg4_39_AD5C39114DC427A1B4778BB75887964E,
Arg5_40_D047B6A0434E34FBD45AE49B80FF6631,
Arg6_34_47055B9B4B2A8E3CC46866A9C1FD0A4E,0
PageCtrl_35_F096CCB9432478F2E5C19AB8E1CC14F7,
Command_38_527E560D405640D5285D45BA2AFCCDF7,
Arg1_31_D08438AB49CD5ACF29FE2F8EE6C07CBC,地獄公使A1
Arg2_32_7EB149924ECDAA38471FD5AF6E24C953,Normal_A
Arg3_33_F73127434AC8937DB9A4748EAD44F055,画面外
Arg4_39_AD5C39114DC427A1B4778BB75887964E,
Arg5_40_D047B6A0434E34FBD45AE49B80FF6631,
Arg6_34_47055B9B4B2A8E3CC46866A9C1FD0A4E,
TEXT_24_C669B6D2463B2D1232AD4DBFD3C8D513_1,hell0321
TEXT_24_C669B6D2463B2D1232AD4DBFD3C8D513_2,54_TEXT
TEXT_24_C669B6D2463B2D1232AD4DBFD3C8D513_3,「这个……让人感觉回到了童年……。\n咂咂……嗯姆嗯姆……」
PageCtrl_35_F096CCB9432478F2E5C19AB8E1CC14F7,
Command_38_527E560D405640D5285D45BA2AFCCDF7,
Arg1_31_D08438AB49CD5ACF29FE2F8EE6C07CBC,地獄公使A1
Arg2_32_7EB149924ECDAA38471FD5AF6E24C953,Normal_A
Arg3_33_F73127434AC8937DB9A4748EAD44F055,画面外
Arg4_39_AD5C39114DC427A1B4778BB75887964E,
Arg5_40_D047B6A0434E34FBD45AE49B80FF6631,
Arg6_34_47055B9B4B2A8E3CC46866A9C1FD0A4E,
TEXT_24_C669B6D2463B2D1232AD4DBFD3C8D513_1,hell0321
TEXT_24_C669B6D2463B2D1232AD4DBFD3C8D513_2,55_TEXT
TEXT_24_C669B6D2463B2D1232AD4DBFD3C8D513_3,「这、这冲出来的势头……嗯嗯……\n快从嘴里溢出来了……咕噜咕噜……」
PageCtrl_35_F096CCB9432478F2E5C19AB8E1CC14F7,
Command_38_527E560D405640D5285D45BA2AFCCDF7,
Arg1_31_D08438AB49CD5ACF29FE2F8EE6C07CBC,地獄公使A1
Arg2_32_7EB149924ECDAA38471FD5AF6E24C953,Normal_A
Arg3_33_F73127434AC8937DB9A4748EAD44F055,画面外
Arg4_39_AD5C39114DC427A1B4778BB75887964E,
Arg5_40_D047B6A0434E34FBD45AE49B80FF6631,
Arg6_34_47055B9B4B2A8E3CC46866A9C1FD0A4E,
TEXT_24_C669B6D2463B2D1232AD4DBFD3C8D513_1,hell0321
TEXT_24_C669B6D2463B2D1232AD4DBFD3C8D513_2,56_TEXT
TEXT_24_C669B6D2463B2D1232AD4DBFD3C8D513_3,「吸溜吸溜……嗯嗯，分量还真不少啊。\n嗯咕嗯咕……」
PageCtrl_35_F096CCB9432478F2E5C19AB8E1CC14F7,
Command_38_527E560D405640D5285D45BA2AFCCDF7,
Arg1_31_D08438AB49CD5ACF29FE2F8EE6C07CBC,地獄公使A1
Arg2_32_7EB149924ECDAA38471FD5AF6E24C953,Normal_A
Arg3_33_F73127434AC8937DB9A4748EAD44F055,画面外
Arg4_39_AD5C39114DC427A1B4778BB75887964E,
Arg5_40_D047B6A0434E34FBD45AE49B80FF6631,
Arg6_34_47055B9B4B2A8E3CC46866A9C1FD0A4E,
TEXT_24_C669B6D2463B2D1232AD4DBFD3C8D513_1,hell0321
TEXT_24_C669B6D2463B2D1232AD4DBFD3C8D513_2,57_TEXT
TEXT_24_C669B6D2463B2D1232AD4DBFD3C8D513_3,「哇哦，冲出来的势头又变猛了……嗯嗯嗯——！」
PageCtrl_35_F096CCB9432478F2E5C19AB8E1CC14F7,
Command_38_527E560D405640D5285D45BA2AFCCDF7,//;イベント：蛇の舌アイスB
Arg1_31_D08438AB49CD5ACF29FE2F8EE6C07CBC,
Arg2_32_7EB149924ECDAA38471FD5AF6E24C953,
Arg3_33_F73127434AC8937DB9A4748EAD44F055,
Arg4_39_AD5C39114DC427A1B4778BB75887964E,
Arg5_40_D047B6A0434E34FBD45AE49B80FF6631,
Arg6_34_47055B9B4B2A8E3CC46866A9C1FD0A4E,
PageCtrl_35_F096CCB9432478F2E5C19AB8E1CC14F7,
Command_38_527E560D405640D5285D45BA2AFCCDF7,Texture
Arg1_31_D08438AB49CD5ACF29FE2F8EE6C07CBC,T_EV_Chr_0308bb
Arg2_32_7EB149924ECDAA38471FD5AF6E24C953,
Arg3_33_F73127434AC8937DB9A4748EAD44F055,EventStill
Arg4_39_AD5C39114DC427A1B4778BB75887964E,
Arg5_40_D047B6A0434E34FBD45AE49B80FF6631,
Arg6_34_47055B9B4B2A8E3CC46866A9C1FD0A4E,0
PageCtrl_35_F096CCB9432478F2E5C19AB8E1CC14F7,
Command_38_527E560D405640D5285D45BA2AFCCDF7,
Arg1_31_D08438AB49CD5ACF29FE2F8EE6C07CBC,地獄公使A1
Arg2_32_7EB149924ECDAA38471FD5AF6E24C953,Normal_A
Arg3_33_F73127434AC8937DB9A4748EAD44F055,画面外
Arg4_39_AD5C39114DC427A1B4778BB75887964E,
Arg5_40_D047B6A0434E34FBD45AE49B80FF6631,
Arg6_34_47055B9B4B2A8E3CC46866A9C1FD0A4E,
TEXT_24_C669B6D2463B2D1232AD4DBFD3C8D513_1,hell0321
TEXT_24_C669B6D2463B2D1232AD4DBFD3C8D513_2,60_TEXT
TEXT_24_C669B6D2463B2D1232AD4DBFD3C8D513_3,「哈啊哈啊……最后一下在嘴里涌得满满的，\n费了好大劲才咽下去……」
PageCtrl_35_F096CCB9432478F2E5C19AB8E1CC14F7,
Command_38_527E560D405640D5285D45BA2AFCCDF7,
Arg1_31_D08438AB49CD5ACF29FE2F8EE6C07CBC,地獄公使A1
Arg2_32_7EB149924ECDAA38471FD5AF6E24C953,Normal_A
Arg3_33_F73127434AC8937DB9A4748EAD44F055,画面外
Arg4_39_AD5C39114DC427A1B4778BB75887964E,
Arg5_40_D047B6A0434E34FBD45AE49B80FF6631,
Arg6_34_47055B9B4B2A8E3CC46866A9C1FD0A4E,
TEXT_24_C669B6D2463B2D1232AD4DBFD3C8D513_1,hell0321
TEXT_24_C669B6D2463B2D1232AD4DBFD3C8D513_2,61_TEXT
TEXT_24_C669B6D2463B2D1232AD4DBFD3C8D513_3,「不过吃完了！」
PageCtrl_35_F096CCB9432478F2E5C19AB8E1CC14F7,
Command_38_527E560D405640D5285D45BA2AFCCDF7,
Arg1_31_D08438AB49CD5ACF29FE2F8EE6C07CBC,/機械音声
Arg2_32_7EB149924ECDAA38471FD5AF6E24C953,Normal_A
Arg3_33_F73127434AC8937DB9A4748EAD44F055,画面外
Arg4_39_AD5C39114DC427A1B4778BB75887964E,
Arg5_40_D047B6A0434E34FBD45AE49B80FF6631,
Arg6_34_47055B9B4B2A8E3CC46866A9C1FD0A4E,
TEXT_24_C669B6D2463B2D1232AD4DBFD3C8D513_1,hell0321
TEXT_24_C669B6D2463B2D1232AD4DBFD3C8D513_2,62_TEXT
TEXT_24_C669B6D2463B2D1232AD4DBFD3C8D513_3,『真是精彩』
PageCtrl_35_F096CCB9432478F2E5C19AB8E1CC14F7,
Command_38_527E560D405640D5285D45BA2AFCCDF7,
Arg1_31_D08438AB49CD5ACF29FE2F8EE6C07CBC,地獄公使A1
Arg2_32_7EB149924ECDAA38471FD5AF6E24C953,Normal_A
Arg3_33_F73127434AC8937DB9A4748EAD44F055,画面外
Arg4_39_AD5C39114DC427A1B4778BB75887964E,
Arg5_40_D047B6A0434E34FBD45AE49B80FF6631,
Arg6_34_47055B9B4B2A8E3CC46866A9C1FD0A4E,
TEXT_24_C669B6D2463B2D1232AD4DBFD3C8D513_1,hell0321
TEXT_24_C669B6D2463B2D1232AD4DBFD3C8D513_2,63_TEXT
TEXT_24_C669B6D2463B2D1232AD4DBFD3C8D513_3,「哈哈哈！还能继续吃呢！」
PageCtrl_35_F096CCB9432478F2E5C19AB8E1CC14F7,
Command_38_527E560D405640D5285D45BA2AFCCDF7,//;イベント：蛇の舌アイスA
Arg1_31_D08438AB49CD5ACF29FE2F8EE6C07CBC,
Arg2_32_7EB149924ECDAA38471FD5AF6E24C953,
Arg3_33_F73127434AC8937DB9A4748EAD44F055,
Arg4_39_AD5C39114DC427A1B4778BB75887964E,
Arg5_40_D047B6A0434E34FBD45AE49B80FF6631,
Arg6_34_47055B9B4B2A8E3CC46866A9C1FD0A4E,
PageCtrl_35_F096CCB9432478F2E5C19AB8E1CC14F7,
Command_38_527E560D405640D5285D45BA2AFCCDF7,Texture
Arg1_31_D08438AB49CD5ACF29FE2F8EE6C07CBC,T_EV_Chr_0308ac
Arg2_32_7EB149924ECDAA38471FD5AF6E24C953,
Arg3_33_F73127434AC8937DB9A4748EAD44F055,EventStill
Arg4_39_AD5C39114DC427A1B4778BB75887964E,
Arg5_40_D047B6A0434E34FBD45AE49B80FF6631,
Arg6_34_47055B9B4B2A8E3CC46866A9C1FD0A4E,0
PageCtrl_35_F096CCB9432478F2E5C19AB8E1CC14F7,
Command_38_527E560D405640D5285D45BA2AFCCDF7,
Arg1_31_D08438AB49CD5ACF29FE2F8EE6C07CBC,地獄公使A1
Arg2_32_7EB149924ECDAA38471FD5AF6E24C953,Normal_A
Arg3_33_F73127434AC8937DB9A4748EAD44F055,画面外
Arg4_39_AD5C39114DC427A1B4778BB75887964E,
Arg5_40_D047B6A0434E34FBD45AE49B80FF6631,
Arg6_34_47055B9B4B2A8E3CC46866A9C1FD0A4E,
TEXT_24_C669B6D2463B2D1232AD4DBFD3C8D513_1,hell0321
TEXT_24_C669B6D2463B2D1232AD4DBFD3C8D513_2,66_TEXT
TEXT_24_C669B6D2463B2D1232AD4DBFD3C8D513_3,「哦哦，下一根也是经典款……那种嘎嘣脆的。\n这个跟刨冰一样，真好呢」
PageCtrl_35_F096CCB9432478F2E5C19AB8E1CC14F7,
Command_38_527E560D405640D5285D45BA2AFCCDF7,
Arg1_31_D08438AB49CD5ACF29FE2F8EE6C07CBC,地獄公使A1
Arg2_32_7EB149924ECDAA38471FD5AF6E24C953,Normal_A
Arg3_33_F73127434AC8937DB9A4748EAD44F055,画面外
Arg4_39_AD5C39114DC427A1B4778BB75887964E,
Arg5_40_D047B6A0434E34FBD45AE49B80FF6631,
Arg6_34_47055B9B4B2A8E3CC46866A9C1FD0A4E,
TEXT_24_C669B6D2463B2D1232AD4DBFD3C8D513_1,hell0321
TEXT_24_C669B6D2463B2D1232AD4DBFD3C8D513_2,67_TEXT
TEXT_24_C669B6D2463B2D1232AD4DBFD3C8D513_3,「舔舔舔……啊姆啊姆……嘎吱嘎吱。\n嗯嗯……！」
PageCtrl_35_F096CCB9432478F2E5C19AB8E1CC14F7,
Command_38_527E560D405640D5285D45BA2AFCCDF7,//;イベント：蛇の舌アイスC
Arg1_31_D08438AB49CD5ACF29FE2F8EE6C07CBC,
Arg2_32_7EB149924ECDAA38471FD5AF6E24C953,
Arg3_33_F73127434AC8937DB9A4748EAD44F055,
Arg4_39_AD5C39114DC427A1B4778BB75887964E,
Arg5_40_D047B6A0434E34FBD45AE49B80FF6631,
Arg6_34_47055B9B4B2A8E3CC46866A9C1FD0A4E,
PageCtrl_35_F096CCB9432478F2E5C19AB8E1CC14F7,
Command_38_527E560D405640D5285D45BA2AFCCDF7,Texture
Arg1_31_D08438AB49CD5ACF29FE2F8EE6C07CBC,T_EV_Chr_0308cc
Arg2_32_7EB149924ECDAA38471FD5AF6E24C953,
Arg3_33_F73127434AC8937DB9A4748EAD44F055,EventStill
Arg4_39_AD5C39114DC427A1B4778BB75887964E,
Arg5_40_D047B6A0434E34FBD45AE49B80FF6631,
Arg6_34_47055B9B4B2A8E3CC46866A9C1FD0A4E,0
PageCtrl_35_F096CCB9432478F2E5C19AB8E1CC14F7,
Command_38_527E560D405640D5285D45BA2AFCCDF7,
Arg1_31_D08438AB49CD5ACF29FE2F8EE6C07CBC,地獄公使A1
Arg2_32_7EB149924ECDAA38471FD5AF6E24C953,Normal_A
Arg3_33_F73127434AC8937DB9A4748EAD44F055,画面外
Arg4_39_AD5C39114DC427A1B4778BB75887964E,
Arg5_40_D047B6A0434E34FBD45AE49B80FF6631,
Arg6_34_47055B9B4B2A8E3CC46866A9C1FD0A4E,
TEXT_24_C669B6D2463B2D1232AD4DBFD3C8D513_1,hell0321
TEXT_24_C669B6D2463B2D1232AD4DBFD3C8D513_2,70_TEXT
TEXT_24_C669B6D2463B2D1232AD4DBFD3C8D513_3,「唔～～……啊、脑袋一阵刺疼……。\n果然冰状的东西就是不一样，凉得透心啊！」
PageCtrl_35_F096CCB9432478F2E5C19AB8E1CC14F7,
Command_38_527E560D405640D5285D45BA2AFCCDF7,
Arg1_31_D08438AB49CD5ACF29FE2F8EE6C07CBC,地獄公使A1
Arg2_32_7EB149924ECDAA38471FD5AF6E24C953,Normal_A
Arg3_33_F73127434AC8937DB9A4748EAD44F055,画面外
Arg4_39_AD5C39114DC427A1B4778BB75887964E,
Arg5_40_D047B6A0434E34FBD45AE49B80FF6631,
Arg6_34_47055B9B4B2A8E3CC46866A9C1FD0A4E,
TEXT_24_C669B6D2463B2D1232AD4DBFD3C8D513_1,hell0321
TEXT_24_C669B6D2463B2D1232AD4DBFD3C8D513_2,71_TEXT
TEXT_24_C669B6D2463B2D1232AD4DBFD3C8D513_3,「慢慢吃吧……啊呜啊呜……嗯嗯～～，\n好凉凉凉～～」
PageCtrl_35_F096CCB9432478F2E5C19AB8E1CC14F7,
Command_38_527E560D405640D5285D45BA2AFCCDF7,//;イベント：蛇の舌アイスA
Arg1_31_D08438AB49CD5ACF29FE2F8EE6C07CBC,
Arg2_32_7EB149924ECDAA38471FD5AF6E24C953,
Arg3_33_F73127434AC8937DB9A4748EAD44F055,
Arg4_39_AD5C39114DC427A1B4778BB75887964E,
Arg5_40_D047B6A0434E34FBD45AE49B80FF6631,
Arg6_34_47055B9B4B2A8E3CC46866A9C1FD0A4E,
PageCtrl_35_F096CCB9432478F2E5C19AB8E1CC14F7,
Command_38_527E560D405640D5285D45BA2AFCCDF7,Texture
Arg1_31_D08438AB49CD5ACF29FE2F8EE6C07CBC,T_EV_Chr_0308ac
Arg2_32_7EB149924ECDAA38471FD5AF6E24C953,
Arg3_33_F73127434AC8937DB9A4748EAD44F055,EventStill
Arg4_39_AD5C39114DC427A1B4778BB75887964E,
Arg5_40_D047B6A0434E34FBD45AE49B80FF6631,
Arg6_34_47055B9B4B2A8E3CC46866A9C1FD0A4E,0
PageCtrl_35_F096CCB9432478F2E5C19AB8E1CC14F7,
Command_38_527E560D405640D5285D45BA2AFCCDF7,
Arg1_31_D08438AB49CD5ACF29FE2F8EE6C07CBC,地獄公使A1
Arg2_32_7EB149924ECDAA38471FD5AF6E24C953,Normal_A
Arg3_33_F73127434AC8937DB9A4748EAD44F055,画面外
Arg4_39_AD5C39114DC427A1B4778BB75887964E,
Arg5_40_D047B6A0434E34FBD45AE49B80FF6631,
Arg6_34_47055B9B4B2A8E3CC46866A9C1FD0A4E,
TEXT_24_C669B6D2463B2D1232AD4DBFD3C8D513_1,hell0321
TEXT_24_C669B6D2463B2D1232AD4DBFD3C8D513_2,74_TEXT
TEXT_24_C669B6D2463B2D1232AD4DBFD3C8D513_3,「咔嚓咔嚓……咯嘣咯嘣……嘎吱嘎吱……\n这个苏打味是怎么做出来的啊……？」
PageCtrl_35_F096CCB9432478F2E5C19AB8E1CC14F7,
Command_38_527E560D405640D5285D45BA2AFCCDF7,
Arg1_31_D08438AB49CD5ACF29FE2F8EE6C07CBC,地獄公使A1
Arg2_32_7EB149924ECDAA38471FD5AF6E24C953,Normal_A
Arg3_33_F73127434AC8937DB9A4748EAD44F055,画面外
Arg4_39_AD5C39114DC427A1B4778BB75887964E,
Arg5_40_D047B6A0434E34FBD45AE49B80FF6631,
Arg6_34_47055B9B4B2A8E3CC46866A9C1FD0A4E,
TEXT_24_C669B6D2463B2D1232AD4DBFD3C8D513_1,hell0321
TEXT_24_C669B6D2463B2D1232AD4DBFD3C8D513_2,75_TEXT
TEXT_24_C669B6D2463B2D1232AD4DBFD3C8D513_3,「蓝色的外观也很清爽，真不错。\n啊呜啊呜……咔嚓咔嚓……」
PageCtrl_35_F096CCB9432478F2E5C19AB8E1CC14F7,
Command_38_527E560D405640D5285D45BA2AFCCDF7,
Arg1_31_D08438AB49CD5ACF29FE2F8EE6C07CBC,地獄公使A1
Arg2_32_7EB149924ECDAA38471FD5AF6E24C953,Normal_A
Arg3_33_F73127434AC8937DB9A4748EAD44F055,画面外
Arg4_39_AD5C39114DC427A1B4778BB75887964E,
Arg5_40_D047B6A0434E34FBD45AE49B80FF6631,
Arg6_34_47055B9B4B2A8E3CC46866A9C1FD0A4E,
TEXT_24_C669B6D2463B2D1232AD4DBFD3C8D513_1,hell0321
TEXT_24_C669B6D2463B2D1232AD4DBFD3C8D513_2,76_TEXT
TEXT_24_C669B6D2463B2D1232AD4DBFD3C8D513_3,「好！这个也全吃完了！」
PageCtrl_35_F096CCB9432478F2E5C19AB8E1CC14F7,
Command_38_527E560D405640D5285D45BA2AFCCDF7,
Arg1_31_D08438AB49CD5ACF29FE2F8EE6C07CBC,/機械音声
Arg2_32_7EB149924ECDAA38471FD5AF6E24C953,Normal_A
Arg3_33_F73127434AC8937DB9A4748EAD44F055,画面外
Arg4_39_AD5C39114DC427A1B4778BB75887964E,
Arg5_40_D047B6A0434E34FBD45AE49B80FF6631,
Arg6_34_47055B9B4B2A8E3CC46866A9C1FD0A4E,
TEXT_24_C669B6D2463B2D1232AD4DBFD3C8D513_1,hell0321
TEXT_24_C669B6D2463B2D1232AD4DBFD3C8D513_2,77_TEXT
TEXT_24_C669B6D2463B2D1232AD4DBFD3C8D513_3,『真是精彩』
PageCtrl_35_F096CCB9432478F2E5C19AB8E1CC14F7,
Command_38_527E560D405640D5285D45BA2AFCCDF7,
Arg1_31_D08438AB49CD5ACF29FE2F8EE6C07CBC,地獄公使A1
Arg2_32_7EB149924ECDAA38471FD5AF6E24C953,Normal_A
Arg3_33_F73127434AC8937DB9A4748EAD44F055,画面外
Arg4_39_AD5C39114DC427A1B4778BB75887964E,
Arg5_40_D047B6A0434E34FBD45AE49B80FF6631,
Arg6_34_47055B9B4B2A8E3CC46866A9C1FD0A4E,
TEXT_24_C669B6D2463B2D1232AD4DBFD3C8D513_1,hell0321
TEXT_24_C669B6D2463B2D1232AD4DBFD3C8D513_2,78_TEXT
TEXT_24_C669B6D2463B2D1232AD4DBFD3C8D513_3,「下一个是什么？」
PageCtrl_35_F096CCB9432478F2E5C19AB8E1CC14F7,
Command_38_527E560D405640D5285D45BA2AFCCDF7,//;イベント：蛇の舌アイスA
Arg1_31_D08438AB49CD5ACF29FE2F8EE6C07CBC,
Arg2_32_7EB149924ECDAA38471FD5AF6E24C953,
Arg3_33_F73127434AC8937DB9A4748EAD44F055,
Arg4_39_AD5C39114DC427A1B4778BB75887964E,
Arg5_40_D047B6A0434E34FBD45AE49B80FF6631,
Arg6_34_47055B9B4B2A8E3CC46866A9C1FD0A4E,
PageCtrl_35_F096CCB9432478F2E5C19AB8E1CC14F7,
Command_38_527E560D405640D5285D45BA2AFCCDF7,Texture
Arg1_31_D08438AB49CD5ACF29FE2F8EE6C07CBC,T_EV_Chr_0308ad
Arg2_32_7EB149924ECDAA38471FD5AF6E24C953,
Arg3_33_F73127434AC8937DB9A4748EAD44F055,EventStill
Arg4_39_AD5C39114DC427A1B4778BB75887964E,
Arg5_40_D047B6A0434E34FBD45AE49B80FF6631,
Arg6_34_47055B9B4B2A8E3CC46866A9C1FD0A4E,0
PageCtrl_35_F096CCB9432478F2E5C19AB8E1CC14F7,
Command_38_527E560D405640D5285D45BA2AFCCDF7,
Arg1_31_D08438AB49CD5ACF29FE2F8EE6C07CBC,地獄公使A1
Arg2_32_7EB149924ECDAA38471FD5AF6E24C953,Normal_A
Arg3_33_F73127434AC8937DB9A4748EAD44F055,画面外
Arg4_39_AD5C39114DC427A1B4778BB75887964E,
Arg5_40_D047B6A0434E34FBD45AE49B80FF6631,
Arg6_34_47055B9B4B2A8E3CC46866A9C1FD0A4E,
TEXT_24_C669B6D2463B2D1232AD4DBFD3C8D513_1,hell0321
TEXT_24_C669B6D2463B2D1232AD4DBFD3C8D513_2,81_TEXT
TEXT_24_C669B6D2463B2D1232AD4DBFD3C8D513_3,「哦哦，这个是模仿切开的西瓜吗？\n卖相还挺不错的……」
PageCtrl_35_F096CCB9432478F2E5C19AB8E1CC14F7,
Command_38_527E560D405640D5285D45BA2AFCCDF7,
Arg1_31_D08438AB49CD5ACF29FE2F8EE6C07CBC,地獄公使A1
Arg2_32_7EB149924ECDAA38471FD5AF6E24C953,Normal_A
Arg3_33_F73127434AC8937DB9A4748EAD44F055,画面外
Arg4_39_AD5C39114DC427A1B4778BB75887964E,
Arg5_40_D047B6A0434E34FBD45AE49B80FF6631,
Arg6_34_47055B9B4B2A8E3CC46866A9C1FD0A4E,
TEXT_24_C669B6D2463B2D1232AD4DBFD3C8D513_1,hell0321
TEXT_24_C669B6D2463B2D1232AD4DBFD3C8D513_2,82_TEXT
TEXT_24_C669B6D2463B2D1232AD4DBFD3C8D513_3,「味道是……这是西瓜味？不太确定啊……。\n不过还挺好吃的」
PageCtrl_35_F096CCB9432478F2E5C19AB8E1CC14F7,
Command_38_527E560D405640D5285D45BA2AFCCDF7,
Arg1_31_D08438AB49CD5ACF29FE2F8EE6C07CBC,地獄公使A1
Arg2_32_7EB149924ECDAA38471FD5AF6E24C953,Normal_A
Arg3_33_F73127434AC8937DB9A4748EAD44F055,画面外
Arg4_39_AD5C39114DC427A1B4778BB75887964E,
Arg5_40_D047B6A0434E34FBD45AE49B80FF6631,
Arg6_34_47055B9B4B2A8E3CC46866A9C1FD0A4E,
TEXT_24_C669B6D2463B2D1232AD4DBFD3C8D513_1,hell0321
TEXT_24_C669B6D2463B2D1232AD4DBFD3C8D513_2,83_TEXT
TEXT_24_C669B6D2463B2D1232AD4DBFD3C8D513_3,「嗯嗯嗯……啊、种子是巧克力味的呢！\n嚯嚯——还挺有意思、挺有趣的嘛」
PageCtrl_35_F096CCB9432478F2E5C19AB8E1CC14F7,
Command_38_527E560D405640D5285D45BA2AFCCDF7,//;イベント：蛇の舌アイスC
Arg1_31_D08438AB49CD5ACF29FE2F8EE6C07CBC,
Arg2_32_7EB149924ECDAA38471FD5AF6E24C953,
Arg3_33_F73127434AC8937DB9A4748EAD44F055,
Arg4_39_AD5C39114DC427A1B4778BB75887964E,
Arg5_40_D047B6A0434E34FBD45AE49B80FF6631,
Arg6_34_47055B9B4B2A8E3CC46866A9C1FD0A4E,
PageCtrl_35_F096CCB9432478F2E5C19AB8E1CC14F7,
Command_38_527E560D405640D5285D45BA2AFCCDF7,Texture
Arg1_31_D08438AB49CD5ACF29FE2F8EE6C07CBC,T_EV_Chr_0308cd
Arg2_32_7EB149924ECDAA38471FD5AF6E24C953,
Arg3_33_F73127434AC8937DB9A4748EAD44F055,EventStill
Arg4_39_AD5C39114DC427A1B4778BB75887964E,
Arg5_40_D047B6A0434E34FBD45AE49B80FF6631,
Arg6_34_47055B9B4B2A8E3CC46866A9C1FD0A4E,0
PageCtrl_35_F096CCB9432478F2E5C19AB8E1CC14F7,
Command_38_527E560D405640D5285D45BA2AFCCDF7,
Arg1_31_D08438AB49CD5ACF29FE2F8EE6C07CBC,地獄公使A1
Arg2_32_7EB149924ECDAA38471FD5AF6E24C953,Normal_A
Arg3_33_F73127434AC8937DB9A4748EAD44F055,画面外
Arg4_39_AD5C39114DC427A1B4778BB75887964E,
Arg5_40_D047B6A0434E34FBD45AE49B80FF6631,
Arg6_34_47055B9B4B2A8E3CC46866A9C1FD0A4E,
TEXT_24_C669B6D2463B2D1232AD4DBFD3C8D513_1,hell0321
TEXT_24_C669B6D2463B2D1232AD4DBFD3C8D513_2,86_TEXT
TEXT_24_C669B6D2463B2D1232AD4DBFD3C8D513_3,「这个也是咔嚓咔嚓的嚼劲，真好。\n啊呜啊呜……」
PageCtrl_35_F096CCB9432478F2E5C19AB8E1CC14F7,
Command_38_527E560D405640D5285D45BA2AFCCDF7,//;イベント：蛇の舌アイスB
Arg1_31_D08438AB49CD5ACF29FE2F8EE6C07CBC,
Arg2_32_7EB149924ECDAA38471FD5AF6E24C953,
Arg3_33_F73127434AC8937DB9A4748EAD44F055,
Arg4_39_AD5C39114DC427A1B4778BB75887964E,
Arg5_40_D047B6A0434E34FBD45AE49B80FF6631,
Arg6_34_47055B9B4B2A8E3CC46866A9C1FD0A4E,
PageCtrl_35_F096CCB9432478F2E5C19AB8E1CC14F7,
Command_38_527E560D405640D5285D45BA2AFCCDF7,Texture
Arg1_31_D08438AB49CD5ACF29FE2F8EE6C07CBC,T_EV_Chr_0308bd
Arg2_32_7EB149924ECDAA38471FD5AF6E24C953,
Arg3_33_F73127434AC8937DB9A4748EAD44F055,EventStill
Arg4_39_AD5C39114DC427A1B4778BB75887964E,
Arg5_40_D047B6A0434E34FBD45AE49B80FF6631,
Arg6_34_47055B9B4B2A8E3CC46866A9C1FD0A4E,0
PageCtrl_35_F096CCB9432478F2E5C19AB8E1CC14F7,
Command_38_527E560D405640D5285D45BA2AFCCDF7,
Arg1_31_D08438AB49CD5ACF29FE2F8EE6C07CBC,地獄公使A1
Arg2_32_7EB149924ECDAA38471FD5AF6E24C953,Normal_A
Arg3_33_F73127434AC8937DB9A4748EAD44F055,画面外
Arg4_39_AD5C39114DC427A1B4778BB75887964E,
Arg5_40_D047B6A0434E34FBD45AE49B80FF6631,
Arg6_34_47055B9B4B2A8E3CC46866A9C1FD0A4E,
TEXT_24_C669B6D2463B2D1232AD4DBFD3C8D513_1,hell0321
TEXT_24_C669B6D2463B2D1232AD4DBFD3C8D513_2,89_TEXT
TEXT_24_C669B6D2463B2D1232AD4DBFD3C8D513_3,「嗯嗯……连续吃下来果然还是\n觉得冰冰凉了呢……」
PageCtrl_35_F096CCB9432478F2E5C19AB8E1CC14F7,
Command_38_527E560D405640D5285D45BA2AFCCDF7,
Arg1_31_D08438AB49CD5ACF29FE2F8EE6C07CBC,地獄公使A1
Arg2_32_7EB149924ECDAA38471FD5AF6E24C953,Normal_A
Arg3_33_F73127434AC8937DB9A4748EAD44F055,画面外
Arg4_39_AD5C39114DC427A1B4778BB75887964E,
Arg5_40_D047B6A0434E34FBD45AE49B80FF6631,
Arg6_34_47055B9B4B2A8E3CC46866A9C1FD0A4E,
TEXT_24_C669B6D2463B2D1232AD4DBFD3C8D513_1,hell0321
TEXT_24_C669B6D2463B2D1232AD4DBFD3C8D513_2,90_TEXT
TEXT_24_C669B6D2463B2D1232AD4DBFD3C8D513_3,「是因为放着冰棒的关系吗，周围气温也低……？」
PageCtrl_35_F096CCB9432478F2E5C19AB8E1CC14F7,
Command_38_527E560D405640D5285D45BA2AFCCDF7,//;イベント：蛇の舌アイスA
Arg1_31_D08438AB49CD5ACF29FE2F8EE6C07CBC,
Arg2_32_7EB149924ECDAA38471FD5AF6E24C953,
Arg3_33_F73127434AC8937DB9A4748EAD44F055,
Arg4_39_AD5C39114DC427A1B4778BB75887964E,
Arg5_40_D047B6A0434E34FBD45AE49B80FF6631,
Arg6_34_47055B9B4B2A8E3CC46866A9C1FD0A4E,
PageCtrl_35_F096CCB9432478F2E5C19AB8E1CC14F7,
Command_38_527E560D405640D5285D45BA2AFCCDF7,Texture
Arg1_31_D08438AB49CD5ACF29FE2F8EE6C07CBC,T_EV_Chr_0308ad
Arg2_32_7EB149924ECDAA38471FD5AF6E24C953,
Arg3_33_F73127434AC8937DB9A4748EAD44F055,EventStill
Arg4_39_AD5C39114DC427A1B4778BB75887964E,
Arg5_40_D047B6A0434E34FBD45AE49B80FF6631,
Arg6_34_47055B9B4B2A8E3CC46866A9C1FD0A4E,0
PageCtrl_35_F096CCB9432478F2E5C19AB8E1CC14F7,
Command_38_527E560D405640D5285D45BA2AFCCDF7,
Arg1_31_D08438AB49CD5ACF29FE2F8EE6C07CBC,地獄公使A1
Arg2_32_7EB149924ECDAA38471FD5AF6E24C953,Normal_A
Arg3_33_F73127434AC8937DB9A4748EAD44F055,画面外
Arg4_39_AD5C39114DC427A1B4778BB75887964E,
Arg5_40_D047B6A0434E34FBD45AE49B80FF6631,
Arg6_34_47055B9B4B2A8E3CC46866A9C1FD0A4E,
TEXT_24_C669B6D2463B2D1232AD4DBFD3C8D513_1,hell0321
TEXT_24_C669B6D2463B2D1232AD4DBFD3C8D513_2,93_TEXT
TEXT_24_C669B6D2463B2D1232AD4DBFD3C8D513_3,「嗯嗯……不过还是吃完了！」
PageCtrl_35_F096CCB9432478F2E5C19AB8E1CC14F7,
Command_38_527E560D405640D5285D45BA2AFCCDF7,
Arg1_31_D08438AB49CD5ACF29FE2F8EE6C07CBC,/機械音声
Arg2_32_7EB149924ECDAA38471FD5AF6E24C953,Normal_A
Arg3_33_F73127434AC8937DB9A4748EAD44F055,画面外
Arg4_39_AD5C39114DC427A1B4778BB75887964E,
Arg5_40_D047B6A0434E34FBD45AE49B80FF6631,
Arg6_34_47055B9B4B2A8E3CC46866A9C1FD0A4E,
TEXT_24_C669B6D2463B2D1232AD4DBFD3C8D513_1,hell0321
TEXT_24_C669B6D2463B2D1232AD4DBFD3C8D513_2,94_TEXT
TEXT_24_C669B6D2463B2D1232AD4DBFD3C8D513_3,『真是精彩』
PageCtrl_35_F096CCB9432478F2E5C19AB8E1CC14F7,
Command_38_527E560D405640D5285D45BA2AFCCDF7,
Arg1_31_D08438AB49CD5ACF29FE2F8EE6C07CBC,地獄公使A1
Arg2_32_7EB149924ECDAA38471FD5AF6E24C953,Normal_A
Arg3_33_F73127434AC8937DB9A4748EAD44F055,画面外
Arg4_39_AD5C39114DC427A1B4778BB75887964E,
Arg5_40_D047B6A0434E34FBD45AE49B80FF6631,
Arg6_34_47055B9B4B2A8E3CC46866A9C1FD0A4E,
TEXT_24_C669B6D2463B2D1232AD4DBFD3C8D513_1,hell0321
TEXT_24_C669B6D2463B2D1232AD4DBFD3C8D513_2,95_TEXT
TEXT_24_C669B6D2463B2D1232AD4DBFD3C8D513_3,「诶……还、还有下一个！？」
PageCtrl_35_F096CCB9432478F2E5C19AB8E1CC14F7,
Command_38_527E560D405640D5285D45BA2AFCCDF7,//;イベント：蛇の舌アイスA
Arg1_31_D08438AB49CD5ACF29FE2F8EE6C07CBC,
Arg2_32_7EB149924ECDAA38471FD5AF6E24C953,
Arg3_33_F73127434AC8937DB9A4748EAD44F055,
Arg4_39_AD5C39114DC427A1B4778BB75887964E,
Arg5_40_D047B6A0434E34FBD45AE49B80FF6631,
Arg6_34_47055B9B4B2A8E3CC46866A9C1FD0A4E,
PageCtrl_35_F096CCB9432478F2E5C19AB8E1CC14F7,
Command_38_527E560D405640D5285D45BA2AFCCDF7,Texture
Arg1_31_D08438AB49CD5ACF29FE2F8EE6C07CBC,T_EV_Chr_0308ae
Arg2_32_7EB149924ECDAA38471FD5AF6E24C953,
Arg3_33_F73127434AC8937DB9A4748EAD44F055,EventStill
Arg4_39_AD5C39114DC427A1B4778BB75887964E,
Arg5_40_D047B6A0434E34FBD45AE49B80FF6631,
Arg6_34_47055B9B4B2A8E3CC46866A9C1FD0A4E,0
PageCtrl_35_F096CCB9432478F2E5C19AB8E1CC14F7,
Command_38_527E560D405640D5285D45BA2AFCCDF7,
Arg1_31_D08438AB49CD5ACF29FE2F8EE6C07CBC,地獄公使A1
Arg2_32_7EB149924ECDAA38471FD5AF6E24C953,Normal_A
Arg3_33_F73127434AC8937DB9A4748EAD44F055,画面外
Arg4_39_AD5C39114DC427A1B4778BB75887964E,
Arg5_40_D047B6A0434E34FBD45AE49B80FF6631,
Arg6_34_47055B9B4B2A8E3CC46866A9C1FD0A4E,
TEXT_24_C669B6D2463B2D1232AD4DBFD3C8D513_1,hell0321
TEXT_24_C669B6D2463B2D1232AD4DBFD3C8D513_2,98_TEXT
TEXT_24_C669B6D2463B2D1232AD4DBFD3C8D513_3,「接下来是那种啪嚓一掰两半的冰棍啊。\n这种我见过」
PageCtrl_35_F096CCB9432478F2E5C19AB8E1CC14F7,
Command_38_527E560D405640D5285D45BA2AFCCDF7,
Arg1_31_D08438AB49CD5ACF29FE2F8EE6C07CBC,地獄公使A1
Arg2_32_7EB149924ECDAA38471FD5AF6E24C953,Normal_A
Arg3_33_F73127434AC8937DB9A4748EAD44F055,画面外
Arg4_39_AD5C39114DC427A1B4778BB75887964E,
Arg5_40_D047B6A0434E34FBD45AE49B80FF6631,
Arg6_34_47055B9B4B2A8E3CC46866A9C1FD0A4E,
TEXT_24_C669B6D2463B2D1232AD4DBFD3C8D513_1,hell0321
TEXT_24_C669B6D2463B2D1232AD4DBFD3C8D513_2,99_TEXT
TEXT_24_C669B6D2463B2D1232AD4DBFD3C8D513_3,「也有过怎么也掰不断，挺头疼的时候呢。\n啊呜……嗯嗯嗯……」
PageCtrl_35_F096CCB9432478F2E5C19AB8E1CC14F7,
Command_38_527E560D405640D5285D45BA2AFCCDF7,//;イベント：蛇の舌アイスC
Arg1_31_D08438AB49CD5ACF29FE2F8EE6C07CBC,
Arg2_32_7EB149924ECDAA38471FD5AF6E24C953,
Arg3_33_F73127434AC8937DB9A4748EAD44F055,
Arg4_39_AD5C39114DC427A1B4778BB75887964E,
Arg5_40_D047B6A0434E34FBD45AE49B80FF6631,
Arg6_34_47055B9B4B2A8E3CC46866A9C1FD0A4E,
PageCtrl_35_F096CCB9432478F2E5C19AB8E1CC14F7,
Command_38_527E560D405640D5285D45BA2AFCCDF7,Texture
Arg1_31_D08438AB49CD5ACF29FE2F8EE6C07CBC,T_EV_Chr_0308ce
Arg2_32_7EB149924ECDAA38471FD5AF6E24C953,
Arg3_33_F73127434AC8937DB9A4748EAD44F055,EventStill
Arg4_39_AD5C39114DC427A1B4778BB75887964E,
Arg5_40_D047B6A0434E34FBD45AE49B80FF6631,
Arg6_34_47055B9B4B2A8E3CC46866A9C1FD0A4E,0
PageCtrl_35_F096CCB9432478F2E5C19AB8E1CC14F7,
Command_38_527E560D405640D5285D45BA2AFCCDF7,
Arg1_31_D08438AB49CD5ACF29FE2F8EE6C07CBC,地獄公使A1
Arg2_32_7EB149924ECDAA38471FD5AF6E24C953,Normal_A
Arg3_33_F73127434AC8937DB9A4748EAD44F055,画面外
Arg4_39_AD5C39114DC427A1B4778BB75887964E,
Arg5_40_D047B6A0434E34FBD45AE49B80FF6631,
Arg6_34_47055B9B4B2A8E3CC46866A9C1FD0A4E,
TEXT_24_C669B6D2463B2D1232AD4DBFD3C8D513_1,hell0321
TEXT_24_C669B6D2463B2D1232AD4DBFD3C8D513_2,102_TEXT
TEXT_24_C669B6D2463B2D1232AD4DBFD3C8D513_3,「吸溜……嗯嗯……这样吸出来吃，\n或者用牙咯吱咯吱啃来着」
PageCtrl_35_F096CCB9432478F2E5C19AB8E1CC14F7,
Command_38_527E560D405640D5285D45BA2AFCCDF7,
Arg1_31_D08438AB49CD5ACF29FE2F8EE6C07CBC,地獄公使A1
Arg2_32_7EB149924ECDAA38471FD5AF6E24C953,Normal_A
Arg3_33_F73127434AC8937DB9A4748EAD44F055,画面外
Arg4_39_AD5C39114DC427A1B4778BB75887964E,
Arg5_40_D047B6A0434E34FBD45AE49B80FF6631,
Arg6_34_47055B9B4B2A8E3CC46866A9C1FD0A4E,
TEXT_24_C669B6D2463B2D1232AD4DBFD3C8D513_1,hell0321
TEXT_24_C669B6D2463B2D1232AD4DBFD3C8D513_2,103_TEXT
TEXT_24_C669B6D2463B2D1232AD4DBFD3C8D513_3,「吸溜吸溜……咕噜咕噜……嗯嗯……嗯唔……」
PageCtrl_35_F096CCB9432478F2E5C19AB8E1CC14F7,
Command_38_527E560D405640D5285D45BA2AFCCDF7,
Arg1_31_D08438AB49CD5ACF29FE2F8EE6C07CBC,地獄公使A1
Arg2_32_7EB149924ECDAA38471FD5AF6E24C953,Normal_A
Arg3_33_F73127434AC8937DB9A4748EAD44F055,画面外
Arg4_39_AD5C39114DC427A1B4778BB75887964E,
Arg5_40_D047B6A0434E34FBD45AE49B80FF6631,
Arg6_34_47055B9B4B2A8E3CC46866A9C1FD0A4E,
TEXT_24_C669B6D2463B2D1232AD4DBFD3C8D513_1,hell0321
TEXT_24_C669B6D2463B2D1232AD4DBFD3C8D513_2,104_TEXT
TEXT_24_C669B6D2463B2D1232AD4DBFD3C8D513_3,「葡萄味偶尔吃吃也不错。\n不过这紫色看着有点毒毒的感觉」
PageCtrl_35_F096CCB9432478F2E5C19AB8E1CC14F7,
Command_38_527E560D405640D5285D45BA2AFCCDF7,//;イベント：蛇の舌アイスA
Arg1_31_D08438AB49CD5ACF29FE2F8EE6C07CBC,
Arg2_32_7EB149924ECDAA38471FD5AF6E24C953,
Arg3_33_F73127434AC8937DB9A4748EAD44F055,
Arg4_39_AD5C39114DC427A1B4778BB75887964E,
Arg5_40_D047B6A0434E34FBD45AE49B80FF6631,
Arg6_34_47055B9B4B2A8E3CC46866A9C1FD0A4E,
PageCtrl_35_F096CCB9432478F2E5C19AB8E1CC14F7,
Command_38_527E560D405640D5285D45BA2AFCCDF7,Texture
Arg1_31_D08438AB49CD5ACF29FE2F8EE6C07CBC,T_EV_Chr_0308ae
Arg2_32_7EB149924ECDAA38471FD5AF6E24C953,
Arg3_33_F73127434AC8937DB9A4748EAD44F055,EventStill
Arg4_39_AD5C39114DC427A1B4778BB75887964E,
Arg5_40_D047B6A0434E34FBD45AE49B80FF6631,
Arg6_34_47055B9B4B2A8E3CC46866A9C1FD0A4E,0
PageCtrl_35_F096CCB9432478F2E5C19AB8E1CC14F7,
Command_38_527E560D405640D5285D45BA2AFCCDF7,
Arg1_31_D08438AB49CD5ACF29FE2F8EE6C07CBC,地獄公使A1
Arg2_32_7EB149924ECDAA38471FD5AF6E24C953,Normal_A
Arg3_33_F73127434AC8937DB9A4748EAD44F055,画面外
Arg4_39_AD5C39114DC427A1B4778BB75887964E,
Arg5_40_D047B6A0434E34FBD45AE49B80FF6631,
Arg6_34_47055B9B4B2A8E3CC46866A9C1FD0A4E,
TEXT_24_C669B6D2463B2D1232AD4DBFD3C8D513_1,hell0321
TEXT_24_C669B6D2463B2D1232AD4DBFD3C8D513_2,107_TEXT
TEXT_24_C669B6D2463B2D1232AD4DBFD3C8D513_3,「嗯……咕噜、吸溜吸溜……吸溜……。\n好！这个也吃完了！」
PageCtrl_35_F096CCB9432478F2E5C19AB8E1CC14F7,
Command_38_527E560D405640D5285D45BA2AFCCDF7,
Arg1_31_D08438AB49CD5ACF29FE2F8EE6C07CBC,/機械音声
Arg2_32_7EB149924ECDAA38471FD5AF6E24C953,Normal_A
Arg3_33_F73127434AC8937DB9A4748EAD44F055,画面外
Arg4_39_AD5C39114DC427A1B4778BB75887964E,
Arg5_40_D047B6A0434E34FBD45AE49B80FF6631,
Arg6_34_47055B9B4B2A8E3CC46866A9C1FD0A4E,
TEXT_24_C669B6D2463B2D1232AD4DBFD3C8D513_1,hell0321
TEXT_24_C669B6D2463B2D1232AD4DBFD3C8D513_2,108_TEXT
TEXT_24_C669B6D2463B2D1232AD4DBFD3C8D513_3,『真是精彩』
PageCtrl_35_F096CCB9432478F2E5C19AB8E1CC14F7,
Command_38_527E560D405640D5285D45BA2AFCCDF7,
Arg1_31_D08438AB49CD5ACF29FE2F8EE6C07CBC,地獄公使A1
Arg2_32_7EB149924ECDAA38471FD5AF6E24C953,Normal_A
Arg3_33_F73127434AC8937DB9A4748EAD44F055,画面外
Arg4_39_AD5C39114DC427A1B4778BB75887964E,
Arg5_40_D047B6A0434E34FBD45AE49B80FF6631,
Arg6_34_47055B9B4B2A8E3CC46866A9C1FD0A4E,
TEXT_24_C669B6D2463B2D1232AD4DBFD3C8D513_1,hell0321
TEXT_24_C669B6D2463B2D1232AD4DBFD3C8D513_2,109_TEXT
TEXT_24_C669B6D2463B2D1232AD4DBFD3C8D513_3,「哈啊哈啊……还、还要再上吗？」
PageCtrl_35_F096CCB9432478F2E5C19AB8E1CC14F7,
Command_38_527E560D405640D5285D45BA2AFCCDF7,MessageWindowSetting
Arg1_31_D08438AB49CD5ACF29FE2F8EE6C07CBC,WindowOFF
Arg2_32_7EB149924ECDAA38471FD5AF6E24C953,
Arg3_33_F73127434AC8937DB9A4748EAD44F055,
Arg4_39_AD5C39114DC427A1B4778BB75887964E,
Arg5_40_D047B6A0434E34FBD45AE49B80FF6631,
Arg6_34_47055B9B4B2A8E3CC46866A9C1FD0A4E,
PageCtrl_35_F096CCB9432478F2E5C19AB8E1CC14F7,
Command_38_527E560D405640D5285D45BA2AFCCDF7,//;メモ：少し時間経過
Arg1_31_D08438AB49CD5ACF29FE2F8EE6C07CBC,
Arg2_32_7EB149924ECDAA38471FD5AF6E24C953,
Arg3_33_F73127434AC8937DB9A4748EAD44F055,
Arg4_39_AD5C39114DC427A1B4778BB75887964E,
Arg5_40_D047B6A0434E34FBD45AE49B80FF6631,
Arg6_34_47055B9B4B2A8E3CC46866A9C1FD0A4E,
PageCtrl_35_F096CCB9432478F2E5C19AB8E1CC14F7,
Command_38_527E560D405640D5285D45BA2AFCCDF7,FadeIn
Arg1_31_D08438AB49CD5ACF29FE2F8EE6C07CBC,black
Arg2_32_7EB149924ECDAA38471FD5AF6E24C953,
Arg3_33_F73127434AC8937DB9A4748EAD44F055,
Arg4_39_AD5C39114DC427A1B4778BB75887964E,
Arg5_40_D047B6A0434E34FBD45AE49B80FF6631,Skippable
Arg6_34_47055B9B4B2A8E3CC46866A9C1FD0A4E,1
PageCtrl_35_F096CCB9432478F2E5C19AB8E1CC14F7,
Command_38_527E560D405640D5285D45BA2AFCCDF7,Wait
Arg1_31_D08438AB49CD5ACF29FE2F8EE6C07CBC,
Arg2_32_7EB149924ECDAA38471FD5AF6E24C953,
Arg3_33_F73127434AC8937DB9A4748EAD44F055,
Arg4_39_AD5C39114DC427A1B4778BB75887964E,
Arg5_40_D047B6A0434E34FBD45AE49B80FF6631,
Arg6_34_47055B9B4B2A8E3CC46866A9C1FD0A4E,1
PageCtrl_35_F096CCB9432478F2E5C19AB8E1CC14F7,
Command_38_527E560D405640D5285D45BA2AFCCDF7,//;イベント：蛇の舌アイスE
Arg1_31_D08438AB49CD5ACF29FE2F8EE6C07CBC,
Arg2_32_7EB149924ECDAA38471FD5AF6E24C953,
Arg3_33_F73127434AC8937DB9A4748EAD44F055,
Arg4_39_AD5C39114DC427A1B4778BB75887964E,
Arg5_40_D047B6A0434E34FBD45AE49B80FF6631,
Arg6_34_47055B9B4B2A8E3CC46866A9C1FD0A4E,
PageCtrl_35_F096CCB9432478F2E5C19AB8E1CC14F7,
Command_38_527E560D405640D5285D45BA2AFCCDF7,Texture
Arg1_31_D08438AB49CD5ACF29FE2F8EE6C07CBC,T_EV_Chr_0308ef
Arg2_32_7EB149924ECDAA38471FD5AF6E24C953,
Arg3_33_F73127434AC8937DB9A4748EAD44F055,EventStill
Arg4_39_AD5C39114DC427A1B4778BB75887964E,
Arg5_40_D047B6A0434E34FBD45AE49B80FF6631,
Arg6_34_47055B9B4B2A8E3CC46866A9C1FD0A4E,0
PageCtrl_35_F096CCB9432478F2E5C19AB8E1CC14F7,
Command_38_527E560D405640D5285D45BA2AFCCDF7,FadeOut
Arg1_31_D08438AB49CD5ACF29FE2F8EE6C07CBC,black
Arg2_32_7EB149924ECDAA38471FD5AF6E24C953,
Arg3_33_F73127434AC8937DB9A4748EAD44F055,
Arg4_39_AD5C39114DC427A1B4778BB75887964E,
Arg5_40_D047B6A0434E34FBD45AE49B80FF6631,Skippable
Arg6_34_47055B9B4B2A8E3CC46866A9C1FD0A4E,1
PageCtrl_35_F096CCB9432478F2E5C19AB8E1CC14F7,
Command_38_527E560D405640D5285D45BA2AFCCDF7,MessageWindowSetting
Arg1_31_D08438AB49CD5ACF29FE2F8EE6C07CBC,WindowON
Arg2_32_7EB149924ECDAA38471FD5AF6E24C953,
Arg3_33_F73127434AC8937DB9A4748EAD44F055,
Arg4_39_AD5C39114DC427A1B4778BB75887964E,
Arg5_40_D047B6A0434E34FBD45AE49B80FF6631,
Arg6_34_47055B9B4B2A8E3CC46866A9C1FD0A4E,
PageCtrl_35_F096CCB9432478F2E5C19AB8E1CC14F7,
Command_38_527E560D405640D5285D45BA2AFCCDF7,
Arg1_31_D08438AB49CD5ACF29FE2F8EE6C07CBC,地獄公使A1
Arg2_32_7EB149924ECDAA38471FD5AF6E24C953,Normal_A
Arg3_33_F73127434AC8937DB9A4748EAD44F055,画面外
Arg4_39_AD5C39114DC427A1B4778BB75887964E,
Arg5_40_D047B6A0434E34FBD45AE49B80FF6631,
Arg6_34_47055B9B4B2A8E3CC46866A9C1FD0A4E,
TEXT_24_C669B6D2463B2D1232AD4DBFD3C8D513_1,hell0321
TEXT_24_C669B6D2463B2D1232AD4DBFD3C8D513_2,118_TEXT
TEXT_24_C669B6D2463B2D1232AD4DBFD3C8D513_3,「唔唔……果、果然一口气吃7个，好冷啊……\n舌头都快要没知觉了……」
PageCtrl_35_F096CCB9432478F2E5C19AB8E1CC14F7,
Command_38_527E560D405640D5285D45BA2AFCCDF7,
Arg1_31_D08438AB49CD5ACF29FE2F8EE6C07CBC,地獄公使A1
Arg2_32_7EB149924ECDAA38471FD5AF6E24C953,Normal_A
Arg3_33_F73127434AC8937DB9A4748EAD44F055,画面外
Arg4_39_AD5C39114DC427A1B4778BB75887964E,
Arg5_40_D047B6A0434E34FBD45AE49B80FF6631,
Arg6_34_47055B9B4B2A8E3CC46866A9C1FD0A4E,
TEXT_24_C669B6D2463B2D1232AD4DBFD3C8D513_1,hell0321
TEXT_24_C669B6D2463B2D1232AD4DBFD3C8D513_2,119_TEXT
TEXT_24_C669B6D2463B2D1232AD4DBFD3C8D513_3,「而且……肚子也……唔唔、\n别、别那么用力挤过来啊……！」
PageCtrl_35_F096CCB9432478F2E5C19AB8E1CC14F7,
Command_38_527E560D405640D5285D45BA2AFCCDF7,
Arg1_31_D08438AB49CD5ACF29FE2F8EE6C07CBC,地獄公使A1
Arg2_32_7EB149924ECDAA38471FD5AF6E24C953,Normal_A
Arg3_33_F73127434AC8937DB9A4748EAD44F055,画面外
Arg4_39_AD5C39114DC427A1B4778BB75887964E,
Arg5_40_D047B6A0434E34FBD45AE49B80FF6631,
Arg6_34_47055B9B4B2A8E3CC46866A9C1FD0A4E,
TEXT_24_C669B6D2463B2D1232AD4DBFD3C8D513_1,hell0321
TEXT_24_C669B6D2463B2D1232AD4DBFD3C8D513_2,120_TEXT
TEXT_24_C669B6D2463B2D1232AD4DBFD3C8D513_3,「唔……你刚才是说规定数量的冰棒吧……\n那是多少啊？」
PageCtrl_35_F096CCB9432478F2E5C19AB8E1CC14F7,
Command_38_527E560D405640D5285D45BA2AFCCDF7,
Arg1_31_D08438AB49CD5ACF29FE2F8EE6C07CBC,地獄公使A1
Arg2_32_7EB149924ECDAA38471FD5AF6E24C953,Normal_A
Arg3_33_F73127434AC8937DB9A4748EAD44F055,画面外
Arg4_39_AD5C39114DC427A1B4778BB75887964E,
Arg5_40_D047B6A0434E34FBD45AE49B80FF6631,
Arg6_34_47055B9B4B2A8E3CC46866A9C1FD0A4E,
TEXT_24_C669B6D2463B2D1232AD4DBFD3C8D513_1,hell0321
TEXT_24_C669B6D2463B2D1232AD4DBFD3C8D513_2,121_TEXT
TEXT_24_C669B6D2463B2D1232AD4DBFD3C8D513_3,『15根』
PageCtrl_35_F096CCB9432478F2E5C19AB8E1CC14F7,
Command_38_527E560D405640D5285D45BA2AFCCDF7,//;イベント：蛇の舌アイスD
Arg1_31_D08438AB49CD5ACF29FE2F8EE6C07CBC,
Arg2_32_7EB149924ECDAA38471FD5AF6E24C953,
Arg3_33_F73127434AC8937DB9A4748EAD44F055,
Arg4_39_AD5C39114DC427A1B4778BB75887964E,
Arg5_40_D047B6A0434E34FBD45AE49B80FF6631,
Arg6_34_47055B9B4B2A8E3CC46866A9C1FD0A4E,
PageCtrl_35_F096CCB9432478F2E5C19AB8E1CC14F7,
Command_38_527E560D405640D5285D45BA2AFCCDF7,Texture
Arg1_31_D08438AB49CD5ACF29FE2F8EE6C07CBC,T_EV_Chr_0308df
Arg2_32_7EB149924ECDAA38471FD5AF6E24C953,
Arg3_33_F73127434AC8937DB9A4748EAD44F055,EventStill
Arg4_39_AD5C39114DC427A1B4778BB75887964E,
Arg5_40_D047B6A0434E34FBD45AE49B80FF6631,
Arg6_34_47055B9B4B2A8E3CC46866A9C1FD0A4E,0
PageCtrl_35_F096CCB9432478F2E5C19AB8E1CC14F7,
Command_38_527E560D405640D5285D45BA2AFCCDF7,
Arg1_31_D08438AB49CD5ACF29FE2F8EE6C07CBC,地獄公使A1
Arg2_32_7EB149924ECDAA38471FD5AF6E24C953,Normal_A
Arg3_33_F73127434AC8937DB9A4748EAD44F055,画面外
Arg4_39_AD5C39114DC427A1B4778BB75887964E,
Arg5_40_D047B6A0434E34FBD45AE49B80FF6631,
Arg6_34_47055B9B4B2A8E3CC46866A9C1FD0A4E,
TEXT_24_C669B6D2463B2D1232AD4DBFD3C8D513_1,hell0321
TEXT_24_C669B6D2463B2D1232AD4DBFD3C8D513_2,124_TEXT
TEXT_24_C669B6D2463B2D1232AD4DBFD3C8D513_3,「十、十五！？\n吃掉那么多肚子岂不是要……！」
PageCtrl_35_F096CCB9432478F2E5C19AB8E1CC14F7,
Command_38_527E560D405640D5285D45BA2AFCCDF7,
Arg1_31_D08438AB49CD5ACF29FE2F8EE6C07CBC,/機械音声
Arg2_32_7EB149924ECDAA38471FD5AF6E24C953,Normal_A
Arg3_33_F73127434AC8937DB9A4748EAD44F055,画面外
Arg4_39_AD5C39114DC427A1B4778BB75887964E,
Arg5_40_D047B6A0434E34FBD45AE49B80FF6631,
Arg6_34_47055B9B4B2A8E3CC46866A9C1FD0A4E,
TEXT_24_C669B6D2463B2D1232AD4DBFD3C8D513_1,hell0321
TEXT_24_C669B6D2463B2D1232AD4DBFD3C8D513_2,125_TEXT
TEXT_24_C669B6D2463B2D1232AD4DBFD3C8D513_3,『到目前为止的冰棒里，有2根中奖了，\n所以总共是17根』
PageCtrl_35_F096CCB9432478F2E5C19AB8E1CC14F7,
Command_38_527E560D405640D5285D45BA2AFCCDF7,
Arg1_31_D08438AB49CD5ACF29FE2F8EE6C07CBC,地獄公使A1
Arg2_32_7EB149924ECDAA38471FD5AF6E24C953,Normal_A
Arg3_33_F73127434AC8937DB9A4748EAD44F055,画面外
Arg4_39_AD5C39114DC427A1B4778BB75887964E,
Arg5_40_D047B6A0434E34FBD45AE49B80FF6631,
Arg6_34_47055B9B4B2A8E3CC46866A9C1FD0A4E,
TEXT_24_C669B6D2463B2D1232AD4DBFD3C8D513_1,hell0321
TEXT_24_C669B6D2463B2D1232AD4DBFD3C8D513_2,126_TEXT
TEXT_24_C669B6D2463B2D1232AD4DBFD3C8D513_3,「还增加了ー！？\n不、不行、还没吃完我就先完蛋了！」
PageCtrl_35_F096CCB9432478F2E5C19AB8E1CC14F7,
Command_38_527E560D405640D5285D45BA2AFCCDF7,//;イベント：蛇の舌アイスE
Arg1_31_D08438AB49CD5ACF29FE2F8EE6C07CBC,
Arg2_32_7EB149924ECDAA38471FD5AF6E24C953,
Arg3_33_F73127434AC8937DB9A4748EAD44F055,
Arg4_39_AD5C39114DC427A1B4778BB75887964E,
Arg5_40_D047B6A0434E34FBD45AE49B80FF6631,
Arg6_34_47055B9B4B2A8E3CC46866A9C1FD0A4E,
PageCtrl_35_F096CCB9432478F2E5C19AB8E1CC14F7,
Command_38_527E560D405640D5285D45BA2AFCCDF7,Texture
Arg1_31_D08438AB49CD5ACF29FE2F8EE6C07CBC,T_EV_Chr_0308ef
Arg2_32_7EB149924ECDAA38471FD5AF6E24C953,
Arg3_33_F73127434AC8937DB9A4748EAD44F055,EventStill
Arg4_39_AD5C39114DC427A1B4778BB75887964E,
Arg5_40_D047B6A0434E34FBD45AE49B80FF6631,
Arg6_34_47055B9B4B2A8E3CC46866A9C1FD0A4E,0
PageCtrl_35_F096CCB9432478F2E5C19AB8E1CC14F7,
Command_38_527E560D405640D5285D45BA2AFCCDF7,
Arg1_31_D08438AB49CD5ACF29FE2F8EE6C07CBC,地獄公使A1
Arg2_32_7EB149924ECDAA38471FD5AF6E24C953,Normal_A
Arg3_33_F73127434AC8937DB9A4748EAD44F055,画面外
Arg4_39_AD5C39114DC427A1B4778BB75887964E,
Arg5_40_D047B6A0434E34FBD45AE49B80FF6631,
Arg6_34_47055B9B4B2A8E3CC46866A9C1FD0A4E,
TEXT_24_C669B6D2463B2D1232AD4DBFD3C8D513_1,hell0321
TEXT_24_C669B6D2463B2D1232AD4DBFD3C8D513_2,129_TEXT
TEXT_24_C669B6D2463B2D1232AD4DBFD3C8D513_3,「可是不吃的话……唔唔……好、好冷啊……\n好冰……」
PageCtrl_35_F096CCB9432478F2E5C19AB8E1CC14F7,
Command_38_527E560D405640D5285D45BA2AFCCDF7,
Arg1_31_D08438AB49CD5ACF29FE2F8EE6C07CBC,地獄公使A1
Arg2_32_7EB149924ECDAA38471FD5AF6E24C953,Normal_A
Arg3_33_F73127434AC8937DB9A4748EAD44F055,画面外
Arg4_39_AD5C39114DC427A1B4778BB75887964E,
Arg5_40_D047B6A0434E34FBD45AE49B80FF6631,
Arg6_34_47055B9B4B2A8E3CC46866A9C1FD0A4E,
TEXT_24_C669B6D2463B2D1232AD4DBFD3C8D513_1,hell0321
TEXT_24_C669B6D2463B2D1232AD4DBFD3C8D513_2,130_TEXT
TEXT_24_C669B6D2463B2D1232AD4DBFD3C8D513_3,「唔唔……吃、吃下去的话……真的到极限了……」
PageCtrl_35_F096CCB9432478F2E5C19AB8E1CC14F7,
Command_38_527E560D405640D5285D45BA2AFCCDF7,//;イベント：蛇の舌アイスF
Arg1_31_D08438AB49CD5ACF29FE2F8EE6C07CBC,
Arg2_32_7EB149924ECDAA38471FD5AF6E24C953,
Arg3_33_F73127434AC8937DB9A4748EAD44F055,
Arg4_39_AD5C39114DC427A1B4778BB75887964E,
Arg5_40_D047B6A0434E34FBD45AE49B80FF6631,
Arg6_34_47055B9B4B2A8E3CC46866A9C1FD0A4E,
PageCtrl_35_F096CCB9432478F2E5C19AB8E1CC14F7,
Command_38_527E560D405640D5285D45BA2AFCCDF7,Texture
Arg1_31_D08438AB49CD5ACF29FE2F8EE6C07CBC,T_EV_Chr_0308ff
Arg2_32_7EB149924ECDAA38471FD5AF6E24C953,
Arg3_33_F73127434AC8937DB9A4748EAD44F055,EventStill
Arg4_39_AD5C39114DC427A1B4778BB75887964E,
Arg5_40_D047B6A0434E34FBD45AE49B80FF6631,
Arg6_34_47055B9B4B2A8E3CC46866A9C1FD0A4E,0
PageCtrl_35_F096CCB9432478F2E5C19AB8E1CC14F7,
Command_38_527E560D405640D5285D45BA2AFCCDF7,
Arg1_31_D08438AB49CD5ACF29FE2F8EE6C07CBC,地獄公使A1
Arg2_32_7EB149924ECDAA38471FD5AF6E24C953,Normal_A
Arg3_33_F73127434AC8937DB9A4748EAD44F055,画面外
Arg4_39_AD5C39114DC427A1B4778BB75887964E,
Arg5_40_D047B6A0434E34FBD45AE49B80FF6631,
Arg6_34_47055B9B4B2A8E3CC46866A9C1FD0A4E,
TEXT_24_C669B6D2463B2D1232AD4DBFD3C8D513_1,hell0321
TEXT_24_C669B6D2463B2D1232AD4DBFD3C8D513_2,133_TEXT
TEXT_24_C669B6D2463B2D1232AD4DBFD3C8D513_3,「啊呜呜……肚子又开始……好痛痛痛……\n在发出奇怪的声音了……」
PageCtrl_35_F096CCB9432478F2E5C19AB8E1CC14F7,
Command_38_527E560D405640D5285D45BA2AFCCDF7,
Arg1_31_D08438AB49CD5ACF29FE2F8EE6C07CBC,地獄公使A1
Arg2_32_7EB149924ECDAA38471FD5AF6E24C953,Normal_A
Arg3_33_F73127434AC8937DB9A4748EAD44F055,画面外
Arg4_39_AD5C39114DC427A1B4778BB75887964E,
Arg5_40_D047B6A0434E34FBD45AE49B80FF6631,
Arg6_34_47055B9B4B2A8E3CC46866A9C1FD0A4E,
TEXT_24_C669B6D2463B2D1232AD4DBFD3C8D513_1,hell0321
TEXT_24_C669B6D2463B2D1232AD4DBFD3C8D513_2,134_TEXT
TEXT_24_C669B6D2463B2D1232AD4DBFD3C8D513_3,「糟、糟了糟了……这下真的完蛋了！\n可以让我先吃，但那个……厕所在……」
PageCtrl_35_F096CCB9432478F2E5C19AB8E1CC14F7,
Command_38_527E560D405640D5285D45BA2AFCCDF7,
Arg1_31_D08438AB49CD5ACF29FE2F8EE6C07CBC,/機械音声
Arg2_32_7EB149924ECDAA38471FD5AF6E24C953,Normal_A
Arg3_33_F73127434AC8937DB9A4748EAD44F055,画面外
Arg4_39_AD5C39114DC427A1B4778BB75887964E,
Arg5_40_D047B6A0434E34FBD45AE49B80FF6631,
Arg6_34_47055B9B4B2A8E3CC46866A9C1FD0A4E,
TEXT_24_C669B6D2463B2D1232AD4DBFD3C8D513_1,hell0321
TEXT_24_C669B6D2463B2D1232AD4DBFD3C8D513_2,135_TEXT
TEXT_24_C669B6D2463B2D1232AD4DBFD3C8D513_3,『吃不完不能离开座位』
PageCtrl_35_F096CCB9432478F2E5C19AB8E1CC14F7,
Command_38_527E560D405640D5285D45BA2AFCCDF7,//;イベント：蛇の舌アイスD
Arg1_31_D08438AB49CD5ACF29FE2F8EE6C07CBC,
Arg2_32_7EB149924ECDAA38471FD5AF6E24C953,
Arg3_33_F73127434AC8937DB9A4748EAD44F055,
Arg4_39_AD5C39114DC427A1B4778BB75887964E,
Arg5_40_D047B6A0434E34FBD45AE49B80FF6631,
Arg6_34_47055B9B4B2A8E3CC46866A9C1FD0A4E,
PageCtrl_35_F096CCB9432478F2E5C19AB8E1CC14F7,
Command_38_527E560D405640D5285D45BA2AFCCDF7,Texture
Arg1_31_D08438AB49CD5ACF29FE2F8EE6C07CBC,T_EV_Chr_0308df
Arg2_32_7EB149924ECDAA38471FD5AF6E24C953,
Arg3_33_F73127434AC8937DB9A4748EAD44F055,EventStill
Arg4_39_AD5C39114DC427A1B4778BB75887964E,
Arg5_40_D047B6A0434E34FBD45AE49B80FF6631,
Arg6_34_47055B9B4B2A8E3CC46866A9C1FD0A4E,0
PageCtrl_35_F096CCB9432478F2E5C19AB8E1CC14F7,
Command_38_527E560D405640D5285D45BA2AFCCDF7,
Arg1_31_D08438AB49CD5ACF29FE2F8EE6C07CBC,地獄公使A1
Arg2_32_7EB149924ECDAA38471FD5AF6E24C953,Normal_A
Arg3_33_F73127434AC8937DB9A4748EAD44F055,画面外
Arg4_39_AD5C39114DC427A1B4778BB75887964E,
Arg5_40_D047B6A0434E34FBD45AE49B80FF6631,
Arg6_34_47055B9B4B2A8E3CC46866A9C1FD0A4E,
TEXT_24_C669B6D2463B2D1232AD4DBFD3C8D513_1,hell0321
TEXT_24_C669B6D2463B2D1232AD4DBFD3C8D513_2,138_TEXT
TEXT_24_C669B6D2463B2D1232AD4DBFD3C8D513_3,「别别别别呀！」
PageCtrl_35_F096CCB9432478F2E5C19AB8E1CC14F7,
Command_38_527E560D405640D5285D45BA2AFCCDF7,//;イベント：蛇の舌アイスF
Arg1_31_D08438AB49CD5ACF29FE2F8EE6C07CBC,
Arg2_32_7EB149924ECDAA38471FD5AF6E24C953,
Arg3_33_F73127434AC8937DB9A4748EAD44F055,
Arg4_39_AD5C39114DC427A1B4778BB75887964E,
Arg5_40_D047B6A0434E34FBD45AE49B80FF6631,
Arg6_34_47055B9B4B2A8E3CC46866A9C1FD0A4E,
PageCtrl_35_F096CCB9432478F2E5C19AB8E1CC14F7,
Command_38_527E560D405640D5285D45BA2AFCCDF7,Texture
Arg1_31_D08438AB49CD5ACF29FE2F8EE6C07CBC,T_EV_Chr_0308ff
Arg2_32_7EB149924ECDAA38471FD5AF6E24C953,
Arg3_33_F73127434AC8937DB9A4748EAD44F055,EventStill
Arg4_39_AD5C39114DC427A1B4778BB75887964E,
Arg5_40_D047B6A0434E34FBD45AE49B80FF6631,
Arg6_34_47055B9B4B2A8E3CC46866A9C1FD0A4E,0
PageCtrl_35_F096CCB9432478F2E5C19AB8E1CC14F7,
Command_38_527E560D405640D5285D45BA2AFCCDF7,
Arg1_31_D08438AB49CD5ACF29FE2F8EE6C07CBC,地獄公使A1
Arg2_32_7EB149924ECDAA38471FD5AF6E24C953,Normal_A
Arg3_33_F73127434AC8937DB9A4748EAD44F055,画面外
Arg4_39_AD5C39114DC427A1B4778BB75887964E,
Arg5_40_D047B6A0434E34FBD45AE49B80FF6631,
Arg6_34_47055B9B4B2A8E3CC46866A9C1FD0A4E,
TEXT_24_C669B6D2463B2D1232AD4DBFD3C8D513_1,hell0321
TEXT_24_C669B6D2463B2D1232AD4DBFD3C8D513_2,141_TEXT
TEXT_24_C669B6D2463B2D1232AD4DBFD3C8D513_3,「这、这样下去的话……唔、呃呃……」
PageCtrl_35_F096CCB9432478F2E5C19AB8E1CC14F7,
Command_38_527E560D405640D5285D45BA2AFCCDF7,
Arg1_31_D08438AB49CD5ACF29FE2F8EE6C07CBC,地獄公使A1
Arg2_32_7EB149924ECDAA38471FD5AF6E24C953,Normal_A
Arg3_33_F73127434AC8937DB9A4748EAD44F055,画面外
Arg4_39_AD5C39114DC427A1B4778BB75887964E,
Arg5_40_D047B6A0434E34FBD45AE49B80FF6631,
Arg6_34_47055B9B4B2A8E3CC46866A9C1FD0A4E,
TEXT_24_C669B6D2463B2D1232AD4DBFD3C8D513_1,hell0321
TEXT_24_C669B6D2463B2D1232AD4DBFD3C8D513_2,142_TEXT
TEXT_24_C669B6D2463B2D1232AD4DBFD3C8D513_3,「已经……不行了……嗯……」
PageCtrl_35_F096CCB9432478F2E5C19AB8E1CC14F7,
Command_38_527E560D405640D5285D45BA2AFCCDF7,
Arg1_31_D08438AB49CD5ACF29FE2F8EE6C07CBC,
Arg2_32_7EB149924ECDAA38471FD5AF6E24C953,
Arg3_33_F73127434AC8937DB9A4748EAD44F055,
Arg4_39_AD5C39114DC427A1B4778BB75887964E,
Arg5_40_D047B6A0434E34FBD45AE49B80FF6631,
Arg6_34_47055B9B4B2A8E3CC46866A9C1FD0A4E,
PageCtrl_35_F096CCB9432478F2E5C19AB8E1CC14F7,
Command_38_527E560D405640D5285D45BA2AFCCDF7,//;背景：黒背景
Arg1_31_D08438AB49CD5ACF29FE2F8EE6C07CBC,
Arg2_32_7EB149924ECDAA38471FD5AF6E24C953,
Arg3_33_F73127434AC8937DB9A4748EAD44F055,
Arg4_39_AD5C39114DC427A1B4778BB75887964E,
Arg5_40_D047B6A0434E34FBD45AE49B80FF6631,
Arg6_34_47055B9B4B2A8E3CC46866A9C1FD0A4E,
PageCtrl_35_F096CCB9432478F2E5C19AB8E1CC14F7,
Command_38_527E560D405640D5285D45BA2AFCCDF7,MessageWindowSetting
Arg1_31_D08438AB49CD5ACF29FE2F8EE6C07CBC,WindowOFF
Arg2_32_7EB149924ECDAA38471FD5AF6E24C953,
Arg3_33_F73127434AC8937DB9A4748EAD44F055,
Arg4_39_AD5C39114DC427A1B4778BB75887964E,
Arg5_40_D047B6A0434E34FBD45AE49B80FF6631,
Arg6_34_47055B9B4B2A8E3CC46866A9C1FD0A4E,
PageCtrl_35_F096CCB9432478F2E5C19AB8E1CC14F7,
Command_38_527E560D405640D5285D45BA2AFCCDF7,FadeIn
Arg1_31_D08438AB49CD5ACF29FE2F8EE6C07CBC,black
Arg2_32_7EB149924ECDAA38471FD5AF6E24C953,
Arg3_33_F73127434AC8937DB9A4748EAD44F055,
Arg4_39_AD5C39114DC427A1B4778BB75887964E,
Arg5_40_D047B6A0434E34FBD45AE49B80FF6631,Skippable
Arg6_34_47055B9B4B2A8E3CC46866A9C1FD0A4E,2
PageCtrl_35_F096CCB9432478F2E5C19AB8E1CC14F7,
Command_38_527E560D405640D5285D45BA2AFCCDF7,TextureOff
Arg1_31_D08438AB49CD5ACF29FE2F8EE6C07CBC,T_EV_Chr_0308ff
Arg2_32_7EB149924ECDAA38471FD5AF6E24C953,
Arg3_33_F73127434AC8937DB9A4748EAD44F055,EventStill
Arg4_39_AD5C39114DC427A1B4778BB75887964E,
Arg5_40_D047B6A0434E34FBD45AE49B80FF6631,
Arg6_34_47055B9B4B2A8E3CC46866A9C1FD0A4E,1
PageCtrl_35_F096CCB9432478F2E5C19AB8E1CC14F7,
Command_38_527E560D405640D5285D45BA2AFCCDF7,StopSound
Arg1_31_D08438AB49CD5ACF29FE2F8EE6C07CBC,BGM_15_Hell
Arg2_32_7EB149924ECDAA38471FD5AF6E24C953,
Arg3_33_F73127434AC8937DB9A4748EAD44F055,BGM
Arg4_39_AD5C39114DC427A1B4778BB75887964E,1
Arg5_40_D047B6A0434E34FBD45AE49B80FF6631,
Arg6_34_47055B9B4B2A8E3CC46866A9C1FD0A4E,2
PageCtrl_35_F096CCB9432478F2E5C19AB8E1CC14F7,
Command_38_527E560D405640D5285D45BA2AFCCDF7,Wait
Arg1_31_D08438AB49CD5ACF29FE2F8EE6C07CBC,
Arg2_32_7EB149924ECDAA38471FD5AF6E24C953,
Arg3_33_F73127434AC8937DB9A4748EAD44F055,
Arg4_39_AD5C39114DC427A1B4778BB75887964E,
Arg5_40_D047B6A0434E34FBD45AE49B80FF6631,
Arg6_34_47055B9B4B2A8E3CC46866A9C1FD0A4E,1
PageCtrl_35_F096CCB9432478F2E5C19AB8E1CC14F7,
Command_38_527E560D405640D5285D45BA2AFCCDF7,EndScenario
Arg1_31_D08438AB49CD5ACF29FE2F8EE6C07CBC,
Arg2_32_7EB149924ECDAA38471FD5AF6E24C953,
Arg3_33_F73127434AC8937DB9A4748EAD44F055,
Arg4_39_AD5C39114DC427A1B4778BB75887964E,
Arg5_40_D047B6A0434E34FBD45AE49B80FF6631,
Arg6_34_47055B9B4B2A8E3CC46866A9C1FD0A4E,
PageCtrl_35_F096CCB9432478F2E5C19AB8E1CC14F7,
